,time,temperature_2m,relative_humidity_2m,apparent_temperature,precipitation,weather_code,cloud_cover,wind_speed_10m,wind_direction_10m,is_day
0,2024-01-01 00:00:00,12.9,71,11.2,0.0,3,100,8.1,58,0
1,2024-01-01 01:00:00,12.3,72,10.5,0.0,3,93,7.0,55,0
2,2024-01-01 02:00:00,11.8,69,10.0,0.0,3,100,5.7,55,0
3,2024-01-01 03:00:00,10.7,70,9.0,0.0,3,100,4.1,52,0
4,2024-01-01 04:00:00,10.2,72,8.5,0.0,2,65,3.6,53,0
5,2024-01-01 05:00:00,8.8,79,6.9,0.0,0,5,5.5,67,0
6,2024-01-01 06:00:00,8.8,76,6.9,0.0,0,2,4.8,77,0
7,2024-01-01 07:00:00,8.8,76,6.9,0.0,0,6,4.4,81,1
8,2024-01-01 08:00:00,9.4,74,7.6,0.0,0,8,4.0,85,1
9,2024-01-01 09:00:00,11.0,66,8.8,0.0,0,7,6.3,77,1
10,2024-01-01 10:00:00,12.2,61,10.0,0.0,0,11,6.1,87,1
11,2024-01-01 11:00:00,13.4,57,11.0,0.0,0,9,7.6,93,1
12,2024-01-01 12:00:00,14.5,53,12.3,0.0,0,13,9.4,97,1
13,2024-01-01 13:00:00,14.8,51,12.1,0.0,0,12,12.0,99,1
14,2024-01-01 14:00:00,14.7,49,11.5,0.0,0,15,13.2,101,1
15,2024-01-01 15:00:00,14.0,50,10.6,0.0,0,4,12.8,100,1
16,2024-01-01 16:00:00,12.9,55,9.8,0.0,0,0,11.4,103,1
17,2024-01-01 17:00:00,11.5,64,8.9,0.0,0,0,8.6,105,1
18,2024-01-01 18:00:00,9.7,76,8.0,0.0,0,0,4.6,108,0
19,2024-01-01 19:00:00,8.8,80,6.9,0.0,0,0,5.5,101,0
20,2024-01-01 20:00:00,9.9,73,8.3,0.0,0,2,2.8,50,0
21,2024-01-01 21:00:00,10.5,73,9.1,0.0,0,2,2.1,31,0
22,2024-01-01 22:00:00,10.1,76,8.7,0.0,0,3,2.4,27,0
23,2024-01-01 23:00:00,9.6,81,8.3,0.0,0,4,2.2,9,0
24,2024-01-02 00:00:00,8.7,88,7.5,0.0,0,11,2.6,344,0
25,2024-01-02 01:00:00,7.0,99,5.6,0.0,0,17,4.1,322,0
26,2024-01-02 02:00:00,5.9,100,3.9,0.0,3,97,6.4,317,0
27,2024-01-02 03:00:00,5.2,100,3.0,0.0,1,21,7.1,311,0
28,2024-01-02 04:00:00,4.9,99,2.6,0.0,0,15,6.9,309,0
29,2024-01-02 05:00:00,4.9,95,2.5,0.0,0,6,6.9,309,0
30,2024-01-02 06:00:00,6.2,93,4.1,0.0,0,2,6.3,301,0
31,2024-01-02 07:00:00,5.4,94,3.0,0.0,0,1,7.2,297,1
32,2024-01-02 08:00:00,8.5,85,6.8,0.0,0,1,5.3,298,1
33,2024-01-02 09:00:00,10.8,74,9.1,0.0,0,14,4.6,309,1
34,2024-01-02 10:00:00,13.5,63,12.2,0.0,0,0,3.1,315,1
35,2024-01-02 11:00:00,15.4,58,14.6,0.0,0,0,1.5,45,1
36,2024-01-02 12:00:00,16.8,55,16.4,0.0,0,0,2.4,117,1
37,2024-01-02 13:00:00,17.9,53,17.3,0.0,0,0,4.4,125,1
38,2024-01-02 14:00:00,18.4,51,17.1,0.0,0,0,6.7,126,1
39,2024-01-02 15:00:00,18.3,52,16.6,0.0,0,0,9.0,127,1
40,2024-01-02 16:00:00,17.7,55,15.7,0.0,0,5,10.3,126,1
41,2024-01-02 17:00:00,15.9,62,14.4,0.0,0,12,7.4,137,1
42,2024-01-02 18:00:00,13.4,73,12.2,0.0,3,96,6.2,144,0
43,2024-01-02 19:00:00,13.9,72,13.0,0.0,3,100,4.0,185,0
44,2024-01-02 20:00:00,12.7,81,11.8,0.0,3,83,4.6,225,0
45,2024-01-02 21:00:00,12.7,89,12.5,0.9,53,88,3.1,249,0
46,2024-01-02 22:00:00,12.7,87,12.5,0.0,2,78,2.6,196,0
47,2024-01-02 23:00:00,13.2,82,12.9,0.0,3,100,2.2,180,0
48,2024-01-03 00:00:00,13.3,82,13.3,0.0,3,100,0.7,180,0
49,2024-01-03 01:00:00,12.5,90,12.4,0.0,0,9,2.2,180,0
50,2024-01-03 02:00:00,12.6,87,12.2,0.0,1,26,3.4,238,0
51,2024-01-03 03:00:00,12.5,87,12.1,0.0,1,45,4.0,265,0
52,2024-01-03 04:00:00,10.8,91,9.6,0.0,1,31,7.0,282,0
53,2024-01-03 05:00:00,10.7,85,9.2,0.0,0,1,6.7,286,0
54,2024-01-03 06:00:00,10.2,83,8.2,0.0,0,5,8.8,289,0
55,2024-01-03 07:00:00,9.4,86,7.4,0.0,1,24,8.4,290,1
56,2024-01-03 08:00:00,10.4,80,8.1,0.0,0,14,10.6,288,1
57,2024-01-03 09:00:00,12.8,71,10.7,0.0,0,18,10.7,290,1
58,2024-01-03 10:00:00,13.9,66,11.5,0.0,0,9,12.1,297,1
59,2024-01-03 11:00:00,14.6,63,11.9,0.0,1,28,13.7,300,1
60,2024-01-03 12:00:00,15.7,58,13.1,0.0,1,49,14.2,300,1
61,2024-01-03 13:00:00,17.0,51,14.3,0.0,0,6,15.3,294,1
62,2024-01-03 14:00:00,18.0,46,15.0,0.0,0,5,14.8,293,1
63,2024-01-03 15:00:00,18.8,42,16.5,0.0,0,16,8.2,293,1
64,2024-01-03 16:00:00,17.5,46,14.9,0.0,2,69,10.0,111,1
65,2024-01-03 17:00:00,13.4,70,10.8,0.0,0,18,14.4,112,1
66,2024-01-03 18:00:00,10.9,81,9.3,0.0,0,18,6.4,133,0
67,2024-01-03 19:00:00,12.5,68,11.1,0.0,1,22,3.6,135,0
68,2024-01-03 20:00:00,12.2,68,11.0,0.0,0,15,1.8,360,0
69,2024-01-03 21:00:00,12.3,75,11.3,0.0,2,53,3.1,21,0
70,2024-01-03 22:00:00,12.2,76,11.1,0.0,2,78,3.4,18,0
71,2024-01-03 23:00:00,9.7,85,8.0,0.0,3,82,6.4,38,0
72,2024-01-04 00:00:00,9.2,87,7.4,0.0,0,13,6.9,43,0
73,2024-01-04 01:00:00,8.3,86,6.1,0.0,0,1,8.2,49,0
74,2024-01-04 02:00:00,7.8,78,5.1,0.0,0,0,8.4,43,0
75,2024-01-04 03:00:00,10.4,64,8.1,0.0,0,0,5.5,11,0
76,2024-01-04 04:00:00,7.8,76,5.5,0.0,0,0,5.5,349,0
77,2024-01-04 05:00:00,6.6,84,4.3,0.0,0,0,5.6,333,0
78,2024-01-04 06:00:00,5.6,95,3.4,0.0,0,0,6.3,329,0
79,2024-01-04 07:00:00,3.9,100,1.2,0.0,0,0,8.2,331,1
80,2024-01-04 08:00:00,7.2,89,5.1,0.0,0,0,6.8,328,1
81,2024-01-04 09:00:00,10.2,61,7.6,0.0,0,3,7.0,339,1
82,2024-01-04 10:00:00,11.7,50,8.5,0.0,0,7,8.4,40,1
83,2024-01-04 11:00:00,12.7,48,9.8,0.0,0,17,8.2,61,1
84,2024-01-04 12:00:00,13.6,47,11.2,0.0,0,16,7.6,71,1
85,2024-01-04 13:00:00,14.4,46,12.0,0.0,0,10,8.4,83,1
86,2024-01-04 14:00:00,14.7,45,12.1,0.0,0,2,8.6,90,1
87,2024-01-04 15:00:00,14.7,45,11.6,0.0,0,0,9.4,94,1
88,2024-01-04 16:00:00,14.1,46,11.0,0.0,0,0,9.3,103,1
89,2024-01-04 17:00:00,12.4,57,10.2,0.0,0,0,5.2,106,1
90,2024-01-04 18:00:00,12.3,59,10.3,0.0,0,0,4.3,85,0
91,2024-01-04 19:00:00,11.4,69,10.0,0.0,0,0,2.2,360,0
92,2024-01-04 20:00:00,10.3,80,9.1,0.0,0,0,3.0,346,0
93,2024-01-04 21:00:00,9.8,89,9.0,0.0,0,4,1.6,333,0
94,2024-01-04 22:00:00,8.9,96,7.9,0.0,0,1,3.8,319,0
95,2024-01-04 23:00:00,8.4,97,7.0,0.0,0,0,5.6,315,0
96,2024-01-05 00:00:00,6.2,98,4.1,0.0,0,6,7.5,305,0
97,2024-01-05 01:00:00,8.2,92,6.5,0.0,0,2,5.6,297,0
98,2024-01-05 02:00:00,8.2,90,6.5,0.0,0,0,5.1,278,0
99,2024-01-05 03:00:00,6.5,94,4.4,0.0,0,1,6.7,286,0
100,2024-01-05 04:00:00,6.2,94,4.0,0.0,0,5,7.4,284,0
101,2024-01-05 05:00:00,5.8,95,3.5,0.0,0,8,7.3,281,0
102,2024-01-05 06:00:00,5.2,96,2.7,0.0,0,11,8.1,283,0
103,2024-01-05 07:00:00,4.7,97,2.0,0.0,0,15,8.9,284,1
104,2024-01-05 08:00:00,8.1,85,6.2,0.0,1,26,5.6,255,1
105,2024-01-05 09:00:00,11.2,74,9.5,0.0,1,31,5.6,310,1
106,2024-01-05 10:00:00,14.1,62,12.7,0.0,1,40,3.6,315,1
107,2024-01-05 11:00:00,16.2,54,14.9,0.0,1,30,3.6,323,1
108,2024-01-05 12:00:00,18.1,48,17.1,0.0,0,1,3.5,336,1
109,2024-01-05 13:00:00,19.4,43,18.8,0.0,0,0,2.3,18,1
110,2024-01-05 14:00:00,20.1,41,19.2,0.0,0,0,1.5,76,1
111,2024-01-05 15:00:00,20.2,41,18.9,0.0,0,0,2.4,117,1
112,2024-01-05 16:00:00,19.9,43,18.7,0.0,0,1,2.0,135,1
113,2024-01-05 17:00:00,18.9,48,17.6,0.0,0,5,4.3,114,1
114,2024-01-05 18:00:00,14.7,62,12.9,0.0,0,3,7.5,125,0
115,2024-01-05 19:00:00,12.6,82,11.4,0.0,0,2,7.3,110,0
116,2024-01-05 20:00:00,13.3,80,12.7,0.0,0,0,4.1,52,0
117,2024-01-05 21:00:00,13.0,85,12.8,0.0,0,2,1.8,53,0
118,2024-01-05 22:00:00,12.6,88,12.7,0.0,0,5,0.7,270,0
119,2024-01-05 23:00:00,12.2,90,11.9,0.0,0,4,3.3,264,0
120,2024-01-06 00:00:00,11.7,92,11.4,0.0,0,1,2.9,277,0
121,2024-01-06 01:00:00,11.3,95,10.9,0.0,0,0,3.2,270,0
122,2024-01-06 02:00:00,10.8,97,10.3,0.0,0,2,4.0,280,0
123,2024-01-06 03:00:00,10.3,99,9.7,0.0,0,0,4.4,279,0
124,2024-01-06 04:00:00,9.9,100,9.2,0.0,3,98,4.3,265,0
125,2024-01-06 05:00:00,9.6,100,9.0,0.0,3,98,3.8,253,0
126,2024-01-06 06:00:00,9.5,98,8.7,0.0,1,48,4.0,260,0
127,2024-01-06 07:00:00,8.4,100,7.4,0.0,1,20,3.8,253,1
128,2024-01-06 08:00:00,9.9,96,9.3,0.0,0,0,3.0,256,1
129,2024-01-06 09:00:00,13.7,74,13.1,0.0,0,0,2.5,315,1
130,2024-01-06 10:00:00,16.3,61,15.6,0.0,0,7,2.7,337,1
131,2024-01-06 11:00:00,18.3,54,17.8,0.0,0,1,1.6,27,1
132,2024-01-06 12:00:00,19.8,50,19.8,0.0,0,0,1.8,90,1
133,2024-01-06 13:00:00,20.7,48,20.5,0.0,0,2,4.2,110,1
134,2024-01-06 14:00:00,21.0,48,19.8,0.0,0,17,6.6,112,1
135,2024-01-06 15:00:00,20.3,50,18.6,0.0,0,11,10.6,114,1
136,2024-01-06 16:00:00,17.9,54,15.3,0.0,0,16,15.2,112,1
137,2024-01-06 17:00:00,15.8,57,14.1,0.0,0,7,6.2,111,1
138,2024-01-06 18:00:00,14.4,62,12.8,0.0,0,2,5.4,138,0
139,2024-01-06 19:00:00,14.6,60,13.2,0.0,0,1,4.5,119,0
140,2024-01-06 20:00:00,13.6,65,12.3,0.0,0,7,3.6,96,0
141,2024-01-06 21:00:00,13.5,70,12.8,0.0,1,22,1.1,360,0
142,2024-01-06 22:00:00,12.8,75,11.8,0.0,0,6,3.4,342,0
143,2024-01-06 23:00:00,11.9,82,10.9,0.0,0,11,4.8,333,0
144,2024-01-07 00:00:00,10.0,90,8.7,0.0,1,25,5.9,313,0
145,2024-01-07 01:00:00,10.6,90,9.8,0.0,1,41,3.8,319,0
146,2024-01-07 02:00:00,10.1,95,9.4,0.0,3,100,3.3,311,0
147,2024-01-07 03:00:00,9.3,98,8.6,0.0,3,100,2.6,286,0
148,2024-01-07 04:00:00,9.1,98,8.5,0.0,3,100,2.3,288,0
149,2024-01-07 05:00:00,9.7,97,9.1,0.0,3,100,2.7,293,0
150,2024-01-07 06:00:00,10.3,91,9.7,0.0,3,100,1.8,281,0
151,2024-01-07 07:00:00,11.6,78,10.9,0.0,3,97,0.8,297,1
152,2024-01-07 08:00:00,12.0,72,11.0,0.0,3,96,1.8,79,1
153,2024-01-07 09:00:00,13.1,65,11.7,0.0,2,66,3.2,90,1
154,2024-01-07 10:00:00,14.2,60,12.4,0.0,1,35,6.8,90,1
155,2024-01-07 11:00:00,15.6,55,13.1,0.0,3,80,11.2,84,1
156,2024-01-07 12:00:00,16.0,54,13.5,0.0,2,68,11.9,90,1
157,2024-01-07 13:00:00,16.4,53,13.9,0.0,2,68,11.5,92,1
158,2024-01-07 14:00:00,16.2,54,13.6,0.0,3,97,12.3,93,1
159,2024-01-07 15:00:00,15.3,57,12.5,0.0,3,81,13.1,98,1
160,2024-01-07 16:00:00,14.3,60,11.7,0.0,0,17,11.6,106,1
161,2024-01-07 17:00:00,13.0,65,10.7,0.0,1,21,9.3,106,1
162,2024-01-07 18:00:00,11.5,74,9.6,0.0,1,24,7.1,105,0
163,2024-01-07 19:00:00,10.0,81,8.3,0.0,1,40,5.8,83,0
164,2024-01-07 20:00:00,9.3,82,7.5,0.0,1,34,6.1,45,0
165,2024-01-07 21:00:00,10.3,79,8.8,0.0,3,90,4.7,32,0
166,2024-01-07 22:00:00,9.4,80,7.6,0.0,2,51,5.8,22,0
167,2024-01-07 23:00:00,8.9,79,6.8,0.0,1,35,6.3,24,0
168,2024-01-08 00:00:00,8.1,82,5.9,0.0,1,45,6.8,32,0
169,2024-01-08 01:00:00,8.4,81,6.4,0.0,2,52,5.9,14,0
170,2024-01-08 02:00:00,9.2,78,7.3,0.0,3,91,5.4,4,0
171,2024-01-08 03:00:00,9.6,76,7.6,0.0,3,99,6.5,341,0
172,2024-01-08 04:00:00,9.3,78,7.3,0.0,3,94,6.0,327,0
173,2024-01-08 05:00:00,9.3,76,7.3,0.0,3,87,5.7,325,0
174,2024-01-08 06:00:00,9.2,77,7.3,0.0,3,100,4.5,346,0
175,2024-01-08 07:00:00,8.9,80,7.3,0.0,3,100,3.4,342,1
176,2024-01-08 08:00:00,9.9,74,7.9,0.0,3,85,5.4,340,1
177,2024-01-08 09:00:00,11.6,68,10.0,0.0,3,100,3.6,360,1
178,2024-01-08 10:00:00,12.7,64,11.2,0.0,3,93,3.3,347,1
179,2024-01-08 11:00:00,14.3,59,12.9,0.0,3,88,2.6,16,1
180,2024-01-08 12:00:00,15.4,55,13.9,0.0,3,100,4.0,63,1
181,2024-01-08 13:00:00,15.8,54,14.1,0.0,3,93,5.4,98,1
182,2024-01-08 14:00:00,15.5,56,13.8,0.1,51,100,5.8,112,1
183,2024-01-08 15:00:00,13.8,79,13.2,1.0,55,100,4.7,99,1
184,2024-01-08 16:00:00,13.3,80,12.9,0.9,53,99,3.0,76,1
185,2024-01-08 17:00:00,12.9,84,12.8,2.5,63,91,1.3,56,1
186,2024-01-08 18:00:00,12.2,86,11.6,0.9,53,100,4.0,95,0
187,2024-01-08 19:00:00,12.2,89,11.9,0.1,51,100,2.6,74,0
188,2024-01-08 20:00:00,12.0,90,11.8,0.2,51,100,2.2,81,0
189,2024-01-08 21:00:00,12.0,93,12.0,0.1,51,99,1.5,76,0
190,2024-01-08 22:00:00,11.4,92,11.1,0.0,3,100,2.5,90,0
191,2024-01-08 23:00:00,11.9,87,11.6,0.0,3,100,1.1,108,0
192,2024-01-09 00:00:00,11.9,87,11.4,0.0,1,44,2.3,108,0
193,2024-01-09 01:00:00,11.7,88,11.1,0.0,2,53,3.3,131,0
194,2024-01-09 02:00:00,11.5,89,11.0,0.2,51,91,3.1,144,0
195,2024-01-09 03:00:00,11.4,90,11.1,0.1,51,100,1.5,135,0
196,2024-01-09 04:00:00,11.3,91,10.9,0.2,51,99,2.4,153,0
197,2024-01-09 05:00:00,11.4,91,11.3,0.1,51,100,0.8,207,0
198,2024-01-09 06:00:00,11.5,91,11.3,0.0,3,100,1.6,117,0
199,2024-01-09 07:00:00,10.4,97,9.8,0.1,51,92,4.0,170,1
200,2024-01-09 08:00:00,11.5,95,11.4,0.2,51,100,2.0,135,1
201,2024-01-09 09:00:00,12.4,93,12.7,0.3,51,85,0.5,135,1
202,2024-01-09 10:00:00,13.5,85,13.3,0.1,51,100,3.1,306,1
203,2024-01-09 11:00:00,14.5,81,14.3,0.0,3,100,3.5,336,1
204,2024-01-09 12:00:00,15.5,77,15.6,0.0,3,100,2.5,360,1
205,2024-01-09 13:00:00,16.5,73,16.6,0.0,3,100,2.7,23,1
206,2024-01-09 14:00:00,16.2,75,16.2,0.0,3,100,3.1,45,1
207,2024-01-09 15:00:00,15.9,77,15.8,0.2,51,100,4.5,119,1
208,2024-01-09 16:00:00,15.1,84,15.0,0.3,51,100,5.7,145,1
209,2024-01-09 17:00:00,14.2,90,14.3,0.1,51,74,4.7,148,1
210,2024-01-09 18:00:00,14.4,85,14.6,0.0,2,50,2.9,120,0
211,2024-01-09 19:00:00,14.2,87,14.7,0.0,2,76,0.4,270,0
212,2024-01-09 20:00:00,13.9,88,14.5,0.0,0,19,0.4,270,0
213,2024-01-09 21:00:00,14.2,89,14.4,0.2,51,31,4.2,290,0
214,2024-01-09 22:00:00,12.0,94,11.3,0.0,1,29,6.7,324,0
215,2024-01-09 23:00:00,10.6,96,9.4,0.0,1,23,8.5,298,0
216,2024-01-10 00:00:00,10.1,97,8.9,0.0,1,29,7.6,289,0
217,2024-01-10 01:00:00,10.1,98,9.0,0.0,1,38,6.6,292,0
218,2024-01-10 02:00:00,10.0,97,8.7,0.0,2,69,7.4,299,0
219,2024-01-10 03:00:00,10.6,97,9.8,0.0,0,15,5.7,305,0
220,2024-01-10 04:00:00,9.1,98,7.5,0.0,1,25,8.6,303,0
221,2024-01-10 05:00:00,11.0,95,10.2,0.0,1,43,5.9,317,0
222,2024-01-10 06:00:00,11.0,95,10.5,0.0,2,54,3.6,307,0
223,2024-01-10 07:00:00,10.2,98,9.5,0.0,2,51,4.1,315,1
224,2024-01-10 08:00:00,10.8,96,10.0,0.0,2,70,5.5,302,1
225,2024-01-10 09:00:00,12.8,89,12.4,0.0,0,16,4.8,318,1
226,2024-01-10 10:00:00,15.0,80,14.7,0.0,1,21,5.1,315,1
227,2024-01-10 11:00:00,16.9,68,16.2,0.0,0,17,6.1,310,1
228,2024-01-10 12:00:00,18.5,57,17.9,0.0,0,19,6.1,310,1
229,2024-01-10 13:00:00,19.6,49,18.5,0.0,0,11,6.3,301,1
230,2024-01-10 14:00:00,20.5,35,18.5,0.0,0,0,6.2,324,1
231,2024-01-10 15:00:00,20.1,25,17.2,0.0,0,0,5.0,21,1
232,2024-01-10 16:00:00,18.3,35,15.9,0.0,0,0,5.1,98,1
233,2024-01-10 17:00:00,15.2,71,14.0,0.0,0,0,7.8,124,1
234,2024-01-10 18:00:00,12.4,85,10.9,0.0,0,0,9.8,126,0
235,2024-01-10 19:00:00,10.4,87,9.1,0.0,0,0,5.4,127,0
236,2024-01-10 20:00:00,11.2,76,9.9,0.0,0,0,3.3,131,0
237,2024-01-10 21:00:00,9.9,87,8.4,0.0,1,22,6.4,52,0
238,2024-01-10 22:00:00,9.4,86,7.7,0.0,0,15,6.5,56,0
239,2024-01-10 23:00:00,11.0,74,9.5,0.0,0,14,3.8,17,0
240,2024-01-11 00:00:00,8.2,88,6.5,0.0,1,29,5.2,344,0
241,2024-01-11 01:00:00,7.6,94,5.8,0.0,1,41,6.3,329,0
242,2024-01-11 02:00:00,8.3,96,7.0,0.0,2,75,4.3,336,0
243,2024-01-11 03:00:00,8.6,95,7.4,0.0,3,92,4.0,10,0
244,2024-01-11 04:00:00,8.5,92,7.1,0.0,3,95,4.9,36,0
245,2024-01-11 05:00:00,8.3,82,6.3,0.0,3,96,5.3,62,0
246,2024-01-11 06:00:00,8.5,80,6.7,0.0,3,100,4.4,81,0
247,2024-01-11 07:00:00,7.9,81,5.9,0.0,3,100,5.1,98,1
248,2024-01-11 08:00:00,9.7,73,7.8,0.0,3,100,4.8,103,1
249,2024-01-11 09:00:00,10.6,71,8.7,0.0,3,99,5.4,110,1
250,2024-01-11 10:00:00,11.6,66,9.9,0.0,3,99,3.6,90,1
251,2024-01-11 11:00:00,12.5,62,11.1,0.0,1,39,1.8,79,1
252,2024-01-11 12:00:00,13.7,56,12.2,0.0,0,8,2.7,113,1
253,2024-01-11 13:00:00,14.5,54,13.3,0.0,0,4,4.5,119,1
254,2024-01-11 14:00:00,15.1,51,13.4,0.0,0,7,5.2,115,1
255,2024-01-11 15:00:00,15.2,51,12.9,0.0,0,3,7.2,117,1
256,2024-01-11 16:00:00,14.4,55,11.8,0.0,0,0,9.7,121,1
257,2024-01-11 17:00:00,12.3,65,9.8,0.0,0,0,9.7,121,1
258,2024-01-11 18:00:00,9.9,77,7.9,0.0,0,0,6.2,126,0
259,2024-01-11 19:00:00,8.2,86,6.2,0.0,0,0,6.6,131,0
260,2024-01-11 20:00:00,8.7,80,6.7,0.0,0,0,5.4,132,0
261,2024-01-11 21:00:00,9.7,79,8.2,0.0,0,0,3.3,131,0
262,2024-01-11 22:00:00,9.3,84,8.1,0.0,0,1,2.2,171,0
263,2024-01-11 23:00:00,8.9,88,7.8,0.0,0,7,1.9,248,0
264,2024-01-12 00:00:00,8.5,92,7.2,0.0,0,12,3.9,304,0
265,2024-01-12 01:00:00,7.7,98,6.4,0.0,0,16,4.5,299,0
266,2024-01-12 02:00:00,7.0,100,5.5,0.0,3,98,4.5,284,0
267,2024-01-12 03:00:00,5.5,100,3.6,0.0,3,97,4.9,287,0
268,2024-01-12 04:00:00,4.8,100,2.6,0.0,3,96,6.0,295,0
269,2024-01-12 05:00:00,4.8,100,2.6,0.0,3,96,5.8,300,0
270,2024-01-12 06:00:00,4.8,100,2.7,0.0,3,96,5.5,302,0
271,2024-01-12 07:00:00,5.3,99,3.2,0.0,2,64,5.7,288,1
272,2024-01-12 08:00:00,7.6,88,6.1,0.0,1,40,3.1,291,1
273,2024-01-12 09:00:00,9.9,80,8.7,0.0,1,39,1.8,307,1
274,2024-01-12 10:00:00,12.1,71,10.9,0.0,1,23,2.2,9,1
275,2024-01-12 11:00:00,14.4,60,13.3,0.0,0,1,2.1,31,1
276,2024-01-12 12:00:00,16.4,49,15.8,0.0,0,0,2.2,90,1
277,2024-01-12 13:00:00,17.9,42,16.9,0.0,0,0,4.0,117,1
278,2024-01-12 14:00:00,18.7,39,16.9,0.0,0,0,5.7,125,1
279,2024-01-12 15:00:00,18.8,39,16.3,0.0,0,0,8.0,126,1
280,2024-01-12 16:00:00,17.9,44,15.4,0.0,0,0,9.3,126,1
281,2024-01-12 17:00:00,15.3,58,13.6,0.0,0,0,5.6,117,1
282,2024-01-12 18:00:00,11.2,74,9.1,0.0,0,0,8.7,132,0
283,2024-01-12 19:00:00,11.2,76,9.3,0.0,0,0,7.1,139,0
284,2024-01-12 20:00:00,12.1,74,11.0,0.0,0,0,3.0,104,0
285,2024-01-12 21:00:00,11.6,79,10.8,0.0,0,0,1.6,207,0
286,2024-01-12 22:00:00,10.8,84,10.0,0.0,0,0,2.2,270,0
287,2024-01-12 23:00:00,10.2,89,9.1,0.0,0,0,4.1,308,0
288,2024-01-13 00:00:00,9.6,93,8.6,0.0,0,0,4.0,297,0
289,2024-01-13 01:00:00,9.4,93,8.4,0.0,0,0,4.0,270,0
290,2024-01-13 02:00:00,9.2,93,8.1,0.0,0,0,3.6,264,0
291,2024-01-13 03:00:00,8.9,93,7.8,0.0,0,0,3.6,276,0
292,2024-01-13 04:00:00,8.7,92,7.4,0.0,0,0,4.7,274,0
293,2024-01-13 05:00:00,8.7,88,7.2,0.0,0,0,4.7,270,0
294,2024-01-13 06:00:00,8.7,85,7.0,0.0,0,0,5.0,270,0
295,2024-01-13 07:00:00,8.7,83,6.9,0.0,0,0,4.7,261,1
296,2024-01-13 08:00:00,9.1,81,7.6,0.0,0,0,3.3,257,1
297,2024-01-13 09:00:00,11.6,75,10.5,0.0,0,0,1.9,292,1
298,2024-01-13 10:00:00,14.7,60,13.5,0.0,0,0,2.5,278,1
299,2024-01-13 11:00:00,17.4,47,16.4,0.0,0,0,2.0,225,1
300,2024-01-13 12:00:00,19.2,40,18.4,0.0,0,0,3.2,153,1
301,2024-01-13 13:00:00,20.3,35,18.8,0.0,0,0,6.9,133,1
302,2024-01-13 14:00:00,20.8,27,17.9,0.0,0,0,10.0,120,1
303,2024-01-13 15:00:00,20.2,26,16.3,0.0,0,0,12.2,114,1
304,2024-01-13 16:00:00,18.7,31,15.2,0.0,0,0,11.1,119,1
305,2024-01-13 17:00:00,15.4,49,13.3,0.0,0,0,5.6,140,1
306,2024-01-13 18:00:00,12.3,58,9.8,0.0,0,0,7.9,150,0
307,2024-01-13 19:00:00,13.4,56,11.5,0.0,0,0,4.3,132,0
308,2024-01-13 20:00:00,11.5,69,10.3,0.0,0,0,1.1,72,0
309,2024-01-13 21:00:00,10.9,76,9.8,0.0,0,0,2.0,315,0
310,2024-01-13 22:00:00,8.9,87,7.2,0.0,0,2,5.9,308,0
311,2024-01-13 23:00:00,7.6,92,5.7,0.0,0,17,6.9,313,0
312,2024-01-14 00:00:00,6.9,94,4.7,0.0,1,20,7.9,313,0
313,2024-01-14 01:00:00,8.0,91,6.3,0.0,2,76,5.9,308,0
314,2024-01-14 02:00:00,8.9,83,7.1,0.0,1,39,5.1,309,0
315,2024-01-14 03:00:00,7.9,85,5.9,0.0,1,25,6.1,315,0
316,2024-01-14 04:00:00,7.1,88,4.7,0.0,0,15,8.1,315,0
317,2024-01-14 05:00:00,6.6,90,4.1,0.0,0,7,9.2,318,0
318,2024-01-14 06:00:00,6.5,92,4.0,0.0,0,4,9.4,313,0
319,2024-01-14 07:00:00,6.5,94,4.1,0.0,0,2,9.3,306,1
320,2024-01-14 08:00:00,10.3,87,8.7,0.0,0,2,7.1,300,1
321,2024-01-14 09:00:00,13.0,70,11.6,0.0,0,0,5.5,293,1
322,2024-01-14 10:00:00,16.8,55,15.3,0.0,0,0,5.6,297,1
323,2024-01-14 11:00:00,19.3,51,18.4,0.0,0,0,5.4,307,1
324,2024-01-14 12:00:00,20.8,50,21.2,0.0,0,0,2.0,315,1
325,2024-01-14 13:00:00,21.6,49,22.4,0.0,0,0,0.7,180,1
326,2024-01-14 14:00:00,22.0,48,22.2,0.0,0,0,2.2,171,1
327,2024-01-14 15:00:00,22.1,48,21.8,0.0,0,1,2.9,150,1
328,2024-01-14 16:00:00,21.7,49,21.1,0.0,0,5,4.7,148,1
329,2024-01-14 17:00:00,19.3,61,18.9,0.0,0,0,5.6,140,1
330,2024-01-14 18:00:00,15.8,72,14.9,0.0,0,0,7.7,127,0
331,2024-01-14 19:00:00,15.9,71,15.1,0.0,0,0,6.6,151,0
332,2024-01-14 20:00:00,15.8,71,15.5,0.0,0,0,3.5,204,0
333,2024-01-14 21:00:00,15.4,74,15.1,0.0,0,0,3.2,270,0
334,2024-01-14 22:00:00,14.4,78,14.1,0.0,0,0,3.4,302,0
335,2024-01-14 23:00:00,12.8,85,12.1,0.0,0,0,5.2,304,0
336,2024-01-15 00:00:00,10.4,93,8.9,0.0,0,0,8.4,301,0
337,2024-01-15 01:00:00,10.5,92,9.1,0.0,0,0,8.0,288,0
338,2024-01-15 02:00:00,10.6,91,9.2,0.0,0,0,7.8,292,0
339,2024-01-15 03:00:00,9.2,94,7.4,0.0,0,0,8.7,294,0
340,2024-01-15 04:00:00,8.7,94,6.8,0.0,0,0,8.8,289,0
341,2024-01-15 05:00:00,7.9,95,5.8,0.0,0,0,8.8,282,0
342,2024-01-15 06:00:00,8.8,92,7.1,0.0,0,0,7.3,290,0
343,2024-01-15 07:00:00,10.2,91,9.4,0.0,0,0,2.6,236,1
344,2024-01-15 08:00:00,11.0,88,10.2,0.0,0,0,4.0,243,1
345,2024-01-15 09:00:00,14.4,75,13.8,0.0,0,0,3.4,198,1
346,2024-01-15 10:00:00,16.4,62,15.3,0.0,0,1,5.5,113,1
347,2024-01-15 11:00:00,17.3,59,16.0,0.0,0,1,8.5,102,1
348,2024-01-15 12:00:00,17.7,58,16.3,0.0,0,4,12.0,111,1
349,2024-01-15 13:00:00,17.3,59,15.7,0.0,0,3,13.8,110,1
350,2024-01-15 14:00:00,16.5,61,14.4,0.0,0,15,13.8,110,1
351,2024-01-15 15:00:00,15.2,65,12.7,0.0,1,42,15.0,111,1
352,2024-01-15 16:00:00,13.9,69,11.7,0.0,3,100,12.0,99,1
353,2024-01-15 17:00:00,12.6,73,10.5,0.0,3,97,10.4,90,1
354,2024-01-15 18:00:00,11.9,76,9.9,0.0,3,99,9.3,77,0
355,2024-01-15 19:00:00,11.6,76,9.6,0.0,3,99,9.2,64,0
356,2024-01-15 20:00:00,11.3,77,9.4,0.0,3,100,8.5,62,0
357,2024-01-15 21:00:00,11.1,78,9.1,0.0,3,100,9.1,72,0
358,2024-01-15 22:00:00,10.7,79,8.7,0.0,3,100,8.1,69,0
359,2024-01-15 23:00:00,10.5,78,8.7,0.0,3,100,7.1,60,0
360,2024-01-16 00:00:00,10.4,78,8.7,0.0,3,100,6.0,65,0
361,2024-01-16 01:00:00,10.3,78,8.6,0.0,3,100,5.5,67,0
362,2024-01-16 02:00:00,10.1,77,8.4,0.0,3,100,5.4,70,0
363,2024-01-16 03:00:00,10.0,77,8.1,0.0,3,100,6.0,73,0
364,2024-01-16 04:00:00,9.6,77,7.6,0.0,3,100,6.2,80,0
365,2024-01-16 05:00:00,9.4,76,7.2,0.0,3,94,7.0,78,0
366,2024-01-16 06:00:00,9.1,74,6.9,0.0,3,97,6.0,73,0
367,2024-01-16 07:00:00,8.8,72,6.5,0.0,3,98,6.0,73,1
368,2024-01-16 08:00:00,8.9,70,6.6,0.0,2,75,5.6,75,1
369,2024-01-16 09:00:00,10.4,66,8.2,0.0,1,21,5.7,55,1
370,2024-01-16 10:00:00,12.0,58,9.7,0.0,1,34,5.6,40,1
371,2024-01-16 11:00:00,13.2,53,11.0,0.0,1,30,5.1,45,1
372,2024-01-16 12:00:00,14.7,49,12.5,0.0,0,16,5.8,68,1
373,2024-01-16 13:00:00,15.8,47,14.1,0.0,0,4,6.7,74,1
374,2024-01-16 14:00:00,16.5,46,14.5,0.0,0,1,8.0,80,1
375,2024-01-16 15:00:00,16.6,47,13.9,0.0,0,1,10.5,82,1
376,2024-01-16 16:00:00,15.6,51,12.7,0.0,0,2,12.3,83,1
377,2024-01-16 17:00:00,14.1,58,11.5,0.0,0,2,10.5,86,1
378,2024-01-16 18:00:00,11.5,72,9.8,0.0,0,6,5.8,86,0
379,2024-01-16 19:00:00,12.6,66,11.2,0.0,0,6,3.6,37,0
380,2024-01-16 20:00:00,12.2,71,10.9,0.0,0,6,3.1,324,0
381,2024-01-16 21:00:00,11.3,78,10.3,0.0,0,6,2.4,333,0
382,2024-01-16 22:00:00,8.9,88,7.3,0.0,0,1,5.6,320,0
383,2024-01-16 23:00:00,8.0,92,6.2,0.0,0,2,6.6,319,0
384,2024-01-17 00:00:00,7.6,94,5.8,0.0,2,50,6.2,324,0
385,2024-01-17 01:00:00,8.5,92,7.0,0.0,3,90,5.7,325,0
386,2024-01-17 02:00:00,8.5,90,7.1,0.0,3,100,4.3,312,0
387,2024-01-17 03:00:00,8.3,91,6.7,0.0,0,11,5.4,323,0
388,2024-01-17 04:00:00,6.9,94,4.8,0.0,0,2,7.5,305,0
389,2024-01-17 05:00:00,6.7,95,4.6,0.0,0,1,7.5,305,0
390,2024-01-17 06:00:00,6.2,96,4.0,0.0,0,2,7.6,301,0
391,2024-01-17 07:00:00,6.1,97,3.8,0.0,0,2,7.7,298,1
392,2024-01-17 08:00:00,9.6,88,8.1,0.0,0,2,5.5,293,1
393,2024-01-17 09:00:00,12.7,73,11.4,0.0,2,60,4.8,297,1
394,2024-01-17 10:00:00,15.7,63,14.6,0.0,1,22,4.8,297,1
395,2024-01-17 11:00:00,17.9,59,17.4,0.0,0,13,3.3,283,1
396,2024-01-17 12:00:00,19.7,56,20.1,0.0,0,3,1.3,146,1
397,2024-01-17 13:00:00,20.8,53,21.0,0.0,0,2,3.9,146,1
398,2024-01-17 14:00:00,21.5,52,21.4,0.0,0,3,5.2,155,1
399,2024-01-17 15:00:00,21.7,52,21.2,0.0,0,8,6.0,155,1
400,2024-01-17 16:00:00,21.4,54,20.7,0.0,0,2,8.4,133,1
401,2024-01-17 17:00:00,19.7,62,19.4,0.0,0,0,6.7,126,1
402,2024-01-17 18:00:00,15.8,78,15.3,0.0,0,0,8.1,148,0
403,2024-01-17 19:00:00,14.7,83,14.1,0.0,0,0,7.8,146,0
404,2024-01-17 20:00:00,15.9,76,15.9,0.0,0,0,3.8,139,0
405,2024-01-17 21:00:00,15.4,80,15.8,0.0,0,4,0.8,27,0
406,2024-01-17 22:00:00,14.7,84,14.6,0.0,0,1,4.4,279,0
407,2024-01-17 23:00:00,14.0,86,13.8,0.0,0,0,5.0,291,0
408,2024-01-18 00:00:00,13.5,88,13.2,0.0,0,0,5.2,295,0
409,2024-01-18 01:00:00,13.0,90,12.7,0.0,0,0,5.0,300,0
410,2024-01-18 02:00:00,11.8,92,11.1,0.0,0,0,6.4,297,0
411,2024-01-18 03:00:00,12.4,91,11.8,0.0,0,0,5.9,284,0
412,2024-01-18 04:00:00,11.9,93,11.3,0.0,0,0,6.1,267,0
413,2024-01-18 05:00:00,11.5,94,10.8,0.0,0,0,5.8,274,0
414,2024-01-18 06:00:00,11.6,93,10.9,0.0,0,0,5.8,270,0
415,2024-01-18 07:00:00,11.4,93,10.7,0.0,0,1,5.1,266,1
416,2024-01-18 08:00:00,12.7,88,12.2,0.0,0,1,4.4,261,1
417,2024-01-18 09:00:00,15.8,76,15.9,0.0,0,10,2.6,304,1
418,2024-01-18 10:00:00,18.5,67,18.9,0.0,0,12,1.8,323,1
419,2024-01-18 11:00:00,20.7,61,21.5,0.0,0,6,0.7,360,1
420,2024-01-18 12:00:00,22.6,54,23.9,0.0,0,11,1.6,63,1
421,2024-01-18 13:00:00,23.8,50,25.1,0.0,1,34,2.3,108,1
422,2024-01-18 14:00:00,24.0,50,24.6,0.0,1,26,2.3,51,1
423,2024-01-18 15:00:00,24.3,49,24.6,0.0,1,21,3.6,6,1
424,2024-01-18 16:00:00,23.9,49,24.3,0.0,1,25,2.5,98,1
425,2024-01-18 17:00:00,21.8,59,21.9,0.0,1,21,6.2,126,1
426,2024-01-18 18:00:00,18.8,70,18.7,0.0,1,20,6.9,118,0
427,2024-01-18 19:00:00,16.8,80,17.1,0.0,1,29,4.7,113,0
428,2024-01-18 20:00:00,15.2,88,15.5,0.0,1,43,4.8,138,0
429,2024-01-18 21:00:00,15.0,93,15.4,0.0,0,1,5.4,127,0
430,2024-01-18 22:00:00,14.9,92,15.2,0.0,0,5,5.1,141,0
431,2024-01-18 23:00:00,14.4,95,15.1,0.0,1,36,2.9,180,0
432,2024-01-19 00:00:00,14.5,95,15.1,0.0,3,100,3.2,207,0
433,2024-01-19 01:00:00,14.3,95,15.0,0.0,3,100,3.1,216,0
434,2024-01-19 02:00:00,14.5,95,15.4,0.0,3,100,1.8,270,0
435,2024-01-19 03:00:00,14.8,93,15.9,0.0,3,100,0.4,90,0
436,2024-01-19 04:00:00,14.6,96,15.5,0.0,3,100,2.2,81,0
437,2024-01-19 05:00:00,14.4,96,15.2,0.0,3,100,2.7,113,0
438,2024-01-19 06:00:00,14.5,93,15.2,0.0,3,100,3.0,104,0
439,2024-01-19 07:00:00,14.4,93,14.9,0.0,3,100,3.2,90,1
440,2024-01-19 08:00:00,14.8,88,15.1,0.0,3,100,4.0,95,1
441,2024-01-19 09:00:00,15.9,83,16.0,0.0,3,100,5.9,101,1
442,2024-01-19 10:00:00,16.3,79,16.3,0.0,3,100,5.8,112,1
443,2024-01-19 11:00:00,17.0,75,17.1,0.0,3,100,4.8,103,1
444,2024-01-19 12:00:00,18.1,70,18.1,0.0,3,100,5.1,82,1
445,2024-01-19 13:00:00,20.0,61,19.8,0.0,1,33,6.9,118,1
446,2024-01-19 14:00:00,20.1,60,19.3,0.0,1,22,10.2,132,1
447,2024-01-19 15:00:00,19.6,61,18.4,0.0,0,13,12.4,126,1
448,2024-01-19 16:00:00,18.5,65,17.4,0.0,1,24,10.6,118,1
449,2024-01-19 17:00:00,17.1,69,16.1,0.0,3,100,9.5,127,1
450,2024-01-19 18:00:00,15.9,75,15.3,0.0,3,100,7.1,135,0
451,2024-01-19 19:00:00,15.3,79,14.9,0.0,0,10,5.9,128,0
452,2024-01-19 20:00:00,14.9,81,15.3,0.0,0,12,1.0,225,0
453,2024-01-19 21:00:00,15.5,87,16.3,0.0,3,100,1.1,198,0
454,2024-01-19 22:00:00,15.3,91,16.3,0.0,3,100,1.9,158,0
455,2024-01-19 23:00:00,15.2,90,16.1,0.0,3,100,1.8,143,0
456,2024-01-20 00:00:00,15.3,90,16.2,0.0,3,100,1.1,108,0
457,2024-01-20 01:00:00,15.2,90,16.2,0.0,3,100,1.5,166,0
458,2024-01-20 02:00:00,14.9,93,15.8,0.0,3,100,2.5,188,0
459,2024-01-20 03:00:00,15.2,90,16.0,0.0,3,100,1.6,207,0
460,2024-01-20 04:00:00,15.0,92,15.9,0.0,3,100,1.5,225,0
461,2024-01-20 05:00:00,14.8,93,15.7,0.0,3,100,2.1,239,0
462,2024-01-20 06:00:00,14.8,93,15.6,0.1,51,100,2.5,225,0
463,2024-01-20 07:00:00,14.8,93,15.6,0.1,51,100,2.3,231,1
464,2024-01-20 08:00:00,15.5,87,16.2,0.0,3,98,2.4,207,1
465,2024-01-20 09:00:00,16.6,88,17.8,0.1,51,100,2.5,262,1
466,2024-01-20 10:00:00,17.5,83,19.0,0.0,3,100,0.4,90,1
467,2024-01-20 11:00:00,18.7,77,20.0,0.0,3,100,1.5,315,1
468,2024-01-20 12:00:00,19.2,75,20.4,0.0,3,100,1.5,284,1
469,2024-01-20 13:00:00,19.6,73,20.6,0.1,51,78,3.6,174,1
470,2024-01-20 14:00:00,20.6,68,21.5,0.0,1,42,3.3,186,1
471,2024-01-20 15:00:00,20.0,71,20.5,0.0,0,19,6.6,131,1
472,2024-01-20 16:00:00,18.1,77,17.9,0.0,1,36,9.7,112,1
473,2024-01-20 17:00:00,15.9,82,15.1,0.0,1,48,12.1,113,1
474,2024-01-20 18:00:00,14.3,87,13.5,0.0,2,53,9.5,119,0
475,2024-01-20 19:00:00,13.7,88,13.3,0.0,2,71,5.6,117,0
476,2024-01-20 20:00:00,13.8,85,13.4,0.0,3,100,5.4,127,0
477,2024-01-20 21:00:00,15.0,85,14.8,0.1,51,100,6.8,122,0
478,2024-01-20 22:00:00,14.6,83,14.1,0.0,3,100,6.8,122,0
479,2024-01-20 23:00:00,14.0,80,13.0,0.0,3,100,7.7,118,0
480,2024-01-21 00:00:00,13.4,80,12.4,0.0,3,100,6.6,131,0
481,2024-01-21 01:00:00,13.0,80,11.9,0.0,3,100,6.4,137,0
482,2024-01-21 02:00:00,12.7,81,11.6,0.0,3,100,6.1,135,0
483,2024-01-21 03:00:00,12.5,82,11.4,0.0,3,100,6.1,130,0
484,2024-01-21 04:00:00,12.3,82,11.2,0.0,3,100,6.3,121,0
485,2024-01-21 05:00:00,12.1,82,10.9,0.1,51,100,6.6,112,0
486,2024-01-21 06:00:00,12.0,82,10.7,0.1,51,100,6.8,108,0
487,2024-01-21 07:00:00,11.8,82,10.4,0.1,51,100,7.3,110,1
488,2024-01-21 08:00:00,11.7,80,10.2,0.1,51,100,7.2,108,1
489,2024-01-21 09:00:00,12.6,80,11.2,0.1,51,100,7.9,93,1
490,2024-01-21 10:00:00,12.5,78,11.1,0.1,51,100,7.1,105,1
491,2024-01-21 11:00:00,12.8,75,11.4,0.0,3,100,7.0,111,1
492,2024-01-21 12:00:00,13.2,71,11.7,0.0,3,100,6.6,112,1
493,2024-01-21 13:00:00,13.7,68,12.0,0.0,3,100,7.2,117,1
494,2024-01-21 14:00:00,13.7,67,11.9,0.0,3,100,8.1,111,1
495,2024-01-21 15:00:00,13.9,65,12.1,0.0,3,100,8.2,105,1
496,2024-01-21 16:00:00,13.6,66,11.5,0.0,3,100,9.3,106,1
497,2024-01-21 17:00:00,13.0,69,10.9,0.0,3,100,9.5,99,1
498,2024-01-21 18:00:00,12.3,71,10.2,0.0,3,100,9.4,90,0
499,2024-01-21 19:00:00,12.1,71,10.2,0.0,3,100,7.2,84,0
500,2024-01-21 20:00:00,11.9,71,9.9,0.0,3,100,8.1,69,0
501,2024-01-21 21:00:00,11.5,73,9.4,0.0,3,100,8.7,73,0
502,2024-01-21 22:00:00,11.4,72,9.2,0.0,3,100,9.2,69,0
503,2024-01-21 23:00:00,11.2,71,8.7,0.0,3,100,10.7,70,0
504,2024-01-22 00:00:00,10.7,70,7.6,0.0,3,100,13.4,84,0
505,2024-01-22 01:00:00,10.2,70,7.0,0.0,3,100,13.0,85,0
506,2024-01-22 02:00:00,9.9,70,7.1,0.0,3,100,10.6,80,0
507,2024-01-22 03:00:00,9.6,68,6.7,0.0,3,100,10.4,76,0
508,2024-01-22 04:00:00,9.4,66,6.3,0.0,3,100,10.1,73,0
509,2024-01-22 05:00:00,9.1,64,5.9,0.0,3,100,10.0,69,0
510,2024-01-22 06:00:00,8.9,61,5.7,0.0,3,100,9.0,67,0
511,2024-01-22 07:00:00,8.9,60,6.0,0.0,3,100,6.5,71,1
512,2024-01-22 08:00:00,8.9,60,6.1,0.0,3,100,6.0,73,1
513,2024-01-22 09:00:00,9.2,64,6.4,0.3,51,100,7.9,87,1
514,2024-01-22 10:00:00,9.0,69,6.2,0.4,51,100,8.4,83,1
515,2024-01-22 11:00:00,9.1,69,6.4,0.2,51,100,8.2,67,1
516,2024-01-22 12:00:00,8.9,72,6.0,0.3,51,100,10.1,63,1
517,2024-01-22 13:00:00,8.8,72,5.9,0.2,51,100,10.5,59,1
518,2024-01-22 14:00:00,8.2,73,5.3,0.2,51,100,9.6,56,1
519,2024-01-22 15:00:00,8.1,73,5.2,0.2,51,100,9.0,53,1
520,2024-01-22 16:00:00,7.6,74,4.8,0.3,51,100,8.7,60,1
521,2024-01-22 17:00:00,7.2,78,4.5,0.4,51,100,7.4,51,1
522,2024-01-22 18:00:00,6.5,86,4.0,0.2,51,100,7.7,49,0
523,2024-01-22 19:00:00,5.8,87,3.1,0.5,53,100,7.9,39,0
524,2024-01-22 20:00:00,5.2,88,2.5,0.3,51,100,7.7,49,0
525,2024-01-22 21:00:00,4.9,89,2.4,0.7,53,100,5.9,38,0
526,2024-01-22 22:00:00,4.4,89,1.7,0.7,53,100,6.6,29,0
527,2024-01-22 23:00:00,3.8,89,1.1,0.7,53,100,6.3,31,0
528,2024-01-23 00:00:00,3.0,91,0.2,1.0,55,100,5.9,52,0
529,2024-01-23 01:00:00,3.0,89,0.4,0.7,53,100,4.9,36,0
530,2024-01-23 02:00:00,2.9,92,0.3,0.7,53,100,4.5,61,0
531,2024-01-23 03:00:00,2.7,94,0.1,0.8,53,100,5.6,45,0
532,2024-01-23 04:00:00,2.7,93,-0.1,0.5,53,100,6.5,56,0
533,2024-01-23 05:00:00,3.0,90,0.3,0.2,51,100,5.6,45,0
534,2024-01-23 06:00:00,3.1,89,0.3,0.1,51,100,5.6,63,0
535,2024-01-23 07:00:00,3.1,82,0.1,0.1,51,98,6.1,62,1
536,2024-01-23 08:00:00,3.4,79,0.4,0.0,3,98,6.4,47,1
537,2024-01-23 09:00:00,4.4,78,1.6,0.0,3,100,5.2,34,1
538,2024-01-23 10:00:00,5.3,73,2.3,0.0,3,100,6.8,18,1
539,2024-01-23 11:00:00,5.9,71,2.7,0.4,51,100,8.4,340,1
540,2024-01-23 12:00:00,6.6,69,3.3,0.2,51,100,9.0,331,1
541,2024-01-23 13:00:00,7.7,62,4.6,0.3,51,100,7.3,349,1
542,2024-01-23 14:00:00,8.3,56,5.8,0.1,51,100,2.6,56,1
543,2024-01-23 15:00:00,10.0,48,6.8,0.0,3,100,6.8,122,1
544,2024-01-23 16:00:00,7.6,51,2.3,0.0,3,89,19.8,115,1
545,2024-01-23 17:00:00,5.8,53,1.3,0.0,1,31,13.0,104,1
546,2024-01-23 18:00:00,4.2,62,0.9,0.0,0,16,5.4,90,0
547,2024-01-23 19:00:00,3.1,66,-0.4,0.0,0,10,6.9,62,0
548,2024-01-23 20:00:00,3.2,64,-0.3,0.0,0,9,6.3,31,0
549,2024-01-23 21:00:00,5.4,61,2.1,0.0,3,100,6.6,29,0
550,2024-01-23 22:00:00,5.2,61,2.0,0.0,3,100,6.0,25,0
551,2024-01-23 23:00:00,4.9,64,1.8,0.0,3,100,5.1,8,0
552,2024-01-24 00:00:00,4.2,68,1.2,0.0,2,69,4.5,346,0
553,2024-01-24 01:00:00,2.0,79,-1.2,0.0,0,10,6.2,339,0
554,2024-01-24 02:00:00,1.1,84,-2.2,0.0,0,7,6.4,333,0
555,2024-01-24 03:00:00,0.6,86,-2.8,0.0,0,8,6.7,324,0
556,2024-01-24 04:00:00,0.2,88,-3.2,0.0,0,5,6.9,321,0
557,2024-01-24 05:00:00,-0.4,89,-3.8,0.0,0,3,7.1,319,0
558,2024-01-24 06:00:00,-0.7,91,-4.2,0.0,0,0,7.4,313,0
559,2024-01-24 07:00:00,-1.1,92,-4.6,0.0,0,0,7.5,305,1
560,2024-01-24 08:00:00,2.3,77,-1.0,0.0,0,0,6.5,304,1
561,2024-01-24 09:00:00,3.9,63,0.7,0.0,0,0,4.8,312,1
562,2024-01-24 10:00:00,6.0,53,3.0,0.0,0,0,3.3,347,1
563,2024-01-24 11:00:00,7.7,44,5.0,0.0,0,0,3.9,68,1
564,2024-01-24 12:00:00,9.1,36,6.3,0.0,0,0,6.5,90,1
565,2024-01-24 13:00:00,10.1,33,7.3,0.0,0,0,6.7,106,1
566,2024-01-24 14:00:00,10.5,34,6.9,0.0,0,2,9.7,117,1
567,2024-01-24 15:00:00,10.0,38,5.4,0.0,2,53,13.0,114,1
568,2024-01-24 16:00:00,8.6,45,4.1,0.0,3,100,13.4,117,1
569,2024-01-24 17:00:00,7.3,49,3.0,0.0,3,100,12.4,112,1
570,2024-01-24 18:00:00,6.9,51,3.0,0.0,1,48,9.1,108,0
571,2024-01-24 19:00:00,5.9,58,2.8,0.0,0,16,4.4,99,0
572,2024-01-24 20:00:00,4.3,68,1.2,0.0,1,26,5.8,68,0
573,2024-01-24 21:00:00,4.3,72,1.4,0.0,1,38,5.2,56,0
574,2024-01-24 22:00:00,4.6,70,1.7,0.0,1,38,4.2,31,0
575,2024-01-24 23:00:00,4.2,72,1.3,0.0,0,16,4.8,27,0
576,2024-01-25 00:00:00,5.6,66,3.0,0.0,0,4,2.7,23,0
577,2024-01-25 01:00:00,5.2,74,2.7,0.0,0,1,3.3,13,0
578,2024-01-25 02:00:00,4.8,82,2.5,0.0,1,25,3.3,347,0
579,2024-01-25 03:00:00,2.6,95,0.0,0.0,3,100,5.2,335,0
580,2024-01-25 04:00:00,4.2,91,2.0,0.0,3,100,3.4,302,0
581,2024-01-25 05:00:00,4.6,85,2.4,0.0,3,100,3.1,315,0
582,2024-01-25 06:00:00,4.9,80,2.5,0.0,3,100,3.7,331,0
583,2024-01-25 07:00:00,5.2,77,2.8,0.0,3,100,3.4,342,1
584,2024-01-25 08:00:00,6.4,66,3.8,0.0,3,96,3.1,21,1
585,2024-01-25 09:00:00,7.8,57,4.7,0.0,2,59,6.1,40,1
586,2024-01-25 10:00:00,8.9,52,6.0,0.0,3,95,4.7,58,1
587,2024-01-25 11:00:00,9.5,50,6.7,0.0,3,100,4.0,63,1
588,2024-01-25 12:00:00,9.6,49,6.8,0.0,1,23,4.3,85,1
589,2024-01-25 13:00:00,11.3,46,8.8,0.0,0,6,5.1,94,1
590,2024-01-25 14:00:00,12.0,44,9.4,0.0,0,8,6.3,114,1
591,2024-01-25 15:00:00,12.1,44,8.9,0.0,0,7,7.6,121,1
592,2024-01-25 16:00:00,11.5,46,7.7,0.0,0,3,11.3,117,1
593,2024-01-25 17:00:00,9.7,53,5.7,0.0,0,0,13.0,109,1
594,2024-01-25 18:00:00,7.6,64,4.9,0.0,0,1,5.4,98,0
595,2024-01-25 19:00:00,7.0,67,4.3,0.0,0,0,5.2,102,0
596,2024-01-25 20:00:00,7.1,66,4.5,0.0,0,2,4.3,85,0
597,2024-01-25 21:00:00,7.1,68,4.7,0.0,1,27,3.1,45,0
598,2024-01-25 22:00:00,6.7,73,4.5,0.0,0,9,2.7,67,0
599,2024-01-25 23:00:00,6.4,78,4.3,0.0,0,6,2.9,60,0
600,2024-01-26 00:00:00,5.9,85,4.0,0.0,0,2,2.6,34,0
601,2024-01-26 01:00:00,5.6,92,3.7,0.0,0,11,3.8,343,0
602,2024-01-26 02:00:00,5.2,97,3.5,0.0,0,6,2.5,352,0
603,2024-01-26 03:00:00,4.9,100,3.4,0.0,1,26,1.6,333,0
604,2024-01-26 04:00:00,4.6,100,2.9,0.0,2,77,2.8,310,0
605,2024-01-26 05:00:00,4.5,100,2.6,0.0,3,99,3.6,315,0
606,2024-01-26 06:00:00,2.3,100,-0.2,0.0,3,98,5.4,318,0
607,2024-01-26 07:00:00,2.2,100,-0.5,0.0,3,98,6.1,315,1
608,2024-01-26 08:00:00,5.3,93,3.2,0.0,1,39,4.4,305,1
609,2024-01-26 09:00:00,7.5,76,5.8,0.0,1,32,0.8,27,1
610,2024-01-26 10:00:00,9.2,59,7.0,0.0,0,4,2.2,90,1
611,2024-01-26 11:00:00,10.7,52,8.4,0.0,0,4,3.1,111,1
612,2024-01-26 12:00:00,11.9,48,10.0,0.0,0,2,4.7,122,1
613,2024-01-26 13:00:00,12.9,45,10.6,0.0,0,4,8.0,126,1
614,2024-01-26 14:00:00,13.2,44,10.5,0.0,0,6,9.1,124,1
615,2024-01-26 15:00:00,12.9,45,9.3,0.0,0,10,10.8,116,1
616,2024-01-26 16:00:00,11.8,48,7.9,0.0,0,5,12.9,108,1
617,2024-01-26 17:00:00,10.5,51,6.8,0.0,0,7,11.1,103,1
618,2024-01-26 18:00:00,8.9,59,6.1,0.0,0,7,5.5,113,0
619,2024-01-26 19:00:00,7.3,70,4.7,0.0,0,7,5.6,117,0
620,2024-01-26 20:00:00,8.7,58,6.3,0.0,0,9,2.7,67,0
621,2024-01-26 21:00:00,6.9,73,4.5,0.0,0,19,4.0,85,0
622,2024-01-26 22:00:00,7.8,64,5.4,0.0,0,10,2.9,60,0
623,2024-01-26 23:00:00,6.4,75,4.0,0.0,0,19,3.9,34,0
624,2024-01-27 00:00:00,7.4,71,5.3,0.0,1,48,2.2,9,0
625,2024-01-27 01:00:00,7.4,73,5.6,0.0,1,36,1.5,45,0
626,2024-01-27 02:00:00,7.5,72,5.4,0.0,2,57,2.5,360,0
627,2024-01-27 03:00:00,7.4,73,5.4,0.0,3,100,2.4,27,0
628,2024-01-27 04:00:00,6.8,82,4.9,0.0,3,100,2.9,330,0
629,2024-01-27 05:00:00,7.2,83,5.5,0.0,3,100,2.5,360,0
630,2024-01-27 06:00:00,7.4,78,5.6,0.0,3,100,2.2,360,0
631,2024-01-27 07:00:00,7.5,82,5.8,0.0,3,100,2.3,72,1
632,2024-01-27 08:00:00,8.2,70,6.2,0.0,3,100,2.5,45,1
633,2024-01-27 09:00:00,9.0,62,6.7,0.0,3,100,3.8,41,1
634,2024-01-27 10:00:00,9.4,57,7.0,0.0,3,100,3.2,90,1
635,2024-01-27 11:00:00,10.1,54,7.6,0.0,3,100,3.6,90,1
636,2024-01-27 12:00:00,10.2,54,7.5,0.0,3,100,5.8,90,1
637,2024-01-27 13:00:00,10.9,54,8.2,0.0,3,100,5.9,101,1
638,2024-01-27 14:00:00,11.5,54,8.8,0.0,3,98,6.2,97,1
639,2024-01-27 15:00:00,12.0,54,9.3,0.0,1,34,7.0,102,1
640,2024-01-27 16:00:00,11.9,56,9.3,0.0,2,67,6.5,93,1
641,2024-01-27 17:00:00,11.1,60,8.5,0.0,1,32,7.9,114,1
642,2024-01-27 18:00:00,8.6,76,6.4,0.0,1,35,6.2,100,0
643,2024-01-27 19:00:00,8.3,76,6.2,0.0,1,25,5.1,86,0
644,2024-01-27 20:00:00,9.1,71,7.2,0.0,2,59,3.2,63,0
645,2024-01-27 21:00:00,8.2,77,6.5,0.0,1,45,2.3,72,0
646,2024-01-27 22:00:00,7.8,79,6.1,0.0,1,47,2.7,67,0
647,2024-01-27 23:00:00,7.9,78,6.3,0.0,2,55,1.6,63,0
648,2024-01-28 00:00:00,7.8,80,6.2,0.0,3,100,2.3,18,0
649,2024-01-28 01:00:00,7.0,89,5.3,0.0,3,100,3.3,347,0
650,2024-01-28 02:00:00,7.2,86,5.5,0.0,3,99,3.1,339,0
651,2024-01-28 03:00:00,7.7,84,6.2,0.0,3,82,2.3,342,0
652,2024-01-28 04:00:00,7.0,90,5.4,0.0,3,100,3.2,360,0
653,2024-01-28 05:00:00,7.1,91,5.7,0.0,3,100,2.1,31,0
654,2024-01-28 06:00:00,7.2,91,5.9,0.0,3,85,2.1,59,0
655,2024-01-28 07:00:00,7.6,89,6.4,0.0,1,42,1.1,90,1
656,2024-01-28 08:00:00,8.1,88,6.9,0.0,3,93,1.6,117,1
657,2024-01-28 09:00:00,9.5,71,7.8,0.0,3,99,2.7,113,1
658,2024-01-28 10:00:00,10.4,65,8.4,0.0,3,100,4.0,85,1
659,2024-01-28 11:00:00,11.2,60,8.7,0.0,2,61,6.5,93,1
660,2024-01-28 12:00:00,13.0,51,10.6,0.0,3,88,8.6,92,1
661,2024-01-28 13:00:00,13.7,47,10.8,0.0,1,40,11.0,101,1
662,2024-01-28 14:00:00,14.2,44,11.0,0.0,1,36,11.4,101,1
663,2024-01-28 15:00:00,13.8,45,10.2,0.0,3,97,12.8,100,1
664,2024-01-28 16:00:00,12.0,50,8.3,0.0,3,98,13.0,109,1
665,2024-01-28 17:00:00,10.6,55,7.0,0.0,2,65,12.1,107,1
666,2024-01-28 18:00:00,9.4,56,6.5,0.0,3,88,6.2,97,0
667,2024-01-28 19:00:00,8.1,65,5.5,0.0,3,100,5.6,75,0
668,2024-01-28 20:00:00,8.7,63,6.3,0.0,3,100,3.7,29,0
669,2024-01-28 21:00:00,9.3,69,7.5,0.0,3,100,1.9,22,0
670,2024-01-28 22:00:00,9.3,53,6.7,0.0,3,100,2.9,360,0
671,2024-01-28 23:00:00,9.3,52,6.5,0.0,3,93,4.7,351,0
672,2024-01-29 00:00:00,8.9,56,6.3,0.0,1,31,4.0,350,0
673,2024-01-29 01:00:00,6.6,69,3.8,0.0,1,35,6.3,347,0
674,2024-01-29 02:00:00,6.6,69,3.8,0.0,0,12,6.0,335,0
675,2024-01-29 03:00:00,6.0,76,3.2,0.0,0,14,6.4,333,0
676,2024-01-29 04:00:00,5.4,82,2.7,0.0,0,19,6.8,335,0
677,2024-01-29 05:00:00,5.5,82,3.0,0.0,1,27,6.0,335,0
678,2024-01-29 06:00:00,4.9,84,2.1,0.0,3,85,7.3,340,0
679,2024-01-29 07:00:00,5.7,79,3.1,0.0,3,92,5.6,333,1
680,2024-01-29 08:00:00,7.9,71,5.6,0.0,2,71,4.6,315,1
681,2024-01-29 09:00:00,10.4,56,8.2,0.0,3,100,2.7,337,1
682,2024-01-29 10:00:00,11.9,55,9.6,0.0,3,96,4.8,333,1
683,2024-01-29 11:00:00,13.6,56,11.6,0.0,3,100,5.1,352,1
684,2024-01-29 12:00:00,14.8,56,13.1,0.0,3,100,4.3,42,1
685,2024-01-29 13:00:00,15.7,55,14.1,0.0,3,100,4.7,90,1
686,2024-01-29 14:00:00,16.6,54,15.4,0.0,3,97,3.3,77,1
687,2024-01-29 15:00:00,16.6,55,14.9,0.0,3,100,6.6,119,1
688,2024-01-29 16:00:00,15.4,61,13.8,0.1,51,86,6.6,139,1
689,2024-01-29 17:00:00,14.2,69,12.8,0.1,51,100,7.0,145,1
690,2024-01-29 18:00:00,13.3,75,12.2,0.0,2,78,5.2,164,0
691,2024-01-29 19:00:00,12.0,84,11.1,0.0,3,100,4.4,171,0
692,2024-01-29 20:00:00,12.2,84,11.6,0.0,3,100,3.3,174,0
693,2024-01-29 21:00:00,11.4,89,11.2,0.0,3,100,0.5,135,0
694,2024-01-29 22:00:00,11.3,90,11.1,0.0,3,100,0.5,135,0
695,2024-01-29 23:00:00,11.1,90,10.9,0.0,3,100,0.8,117,0
696,2024-01-30 00:00:00,11.3,87,11.0,0.0,3,100,0.5,45,0
697,2024-01-30 01:00:00,11.1,90,10.8,0.0,3,100,1.4,180,0
698,2024-01-30 02:00:00,11.2,92,10.9,0.0,3,81,1.4,180,0
699,2024-01-30 03:00:00,10.5,94,9.9,0.0,3,81,3.3,221,0
700,2024-01-30 04:00:00,10.7,94,10.4,0.0,3,97,1.8,217,0
701,2024-01-30 05:00:00,11.0,96,10.8,0.0,3,100,2.2,171,0
702,2024-01-30 06:00:00,11.1,96,10.8,0.1,51,98,3.1,159,0
703,2024-01-30 07:00:00,11.4,91,11.1,0.1,51,64,1.5,194,1
704,2024-01-30 08:00:00,11.8,89,11.6,0.0,3,100,1.4,270,1
705,2024-01-30 09:00:00,12.1,88,11.7,0.0,1,31,2.9,150,1
706,2024-01-30 10:00:00,13.9,82,14.0,0.0,1,35,1.3,236,1
707,2024-01-30 11:00:00,16.0,76,16.3,0.0,3,90,1.8,349,1
708,2024-01-30 12:00:00,18.2,69,18.5,0.0,3,100,2.5,8,1
709,2024-01-30 13:00:00,19.6,67,20.4,0.0,3,100,4.3,85,1
710,2024-01-30 14:00:00,19.1,68,18.6,0.0,2,60,10.2,98,1
711,2024-01-30 15:00:00,19.4,69,19.4,0.0,1,31,7.3,81,1
712,2024-01-30 16:00:00,19.7,69,20.3,0.0,0,7,3.6,53,1
713,2024-01-30 17:00:00,19.1,73,19.9,0.0,0,17,2.9,97,1
714,2024-01-30 18:00:00,15.7,87,15.9,0.0,0,6,6.0,107,0
715,2024-01-30 19:00:00,14.1,91,14.0,0.0,0,14,5.9,104,0
716,2024-01-30 20:00:00,13.3,91,13.0,0.0,0,5,5.4,98,0
717,2024-01-30 21:00:00,13.3,91,13.5,0.0,0,1,2.4,117,0
718,2024-01-30 22:00:00,11.7,96,11.5,0.0,0,4,3.9,146,0
719,2024-01-30 23:00:00,12.1,97,12.5,0.0,0,2,0.4,90,0
720,2024-01-31 00:00:00,11.8,99,11.9,0.0,3,100,2.1,149,0
721,2024-01-31 01:00:00,11.3,100,11.5,0.0,3,100,0.7,90,0
722,2024-01-31 02:00:00,10.9,100,10.9,0.0,3,100,2.1,329,0
723,2024-01-31 03:00:00,11.1,98,11.2,0.0,3,100,1.1,270,0
724,2024-01-31 04:00:00,11.3,96,11.3,0.0,3,100,1.1,162,0
725,2024-01-31 05:00:00,11.3,96,11.3,0.0,3,100,1.5,166,0
726,2024-01-31 06:00:00,11.4,98,11.5,0.0,3,100,1.1,162,0
727,2024-01-31 07:00:00,11.5,99,11.6,0.0,3,100,1.8,233,1
728,2024-01-31 08:00:00,12.0,98,12.3,0.0,3,100,1.4,270,1
729,2024-01-31 09:00:00,13.3,99,13.8,0.0,3,100,3.1,315,1
730,2024-01-31 10:00:00,15.0,91,16.0,0.0,3,100,1.1,198,1
731,2024-01-31 11:00:00,16.7,86,18.0,0.0,3,96,1.1,72,1
732,2024-01-31 12:00:00,19.6,77,21.1,0.0,2,50,3.0,104,1
733,2024-01-31 13:00:00,20.7,74,21.3,0.0,3,100,9.0,67,1
734,2024-01-31 14:00:00,21.0,74,21.8,0.0,1,20,9.4,67,1
735,2024-01-31 15:00:00,22.6,68,23.8,0.0,1,22,7.4,39,1
736,2024-01-31 16:00:00,23.5,66,25.1,0.0,0,19,5.2,65,1
737,2024-01-31 17:00:00,22.3,72,23.7,0.0,1,35,6.8,93,1
738,2024-01-31 18:00:00,19.4,81,20.5,0.0,0,16,6.1,87,0
739,2024-01-31 19:00:00,16.8,91,17.6,0.0,0,7,6.7,74,0
740,2024-01-31 20:00:00,16.5,90,17.3,0.0,0,2,5.4,94,0
741,2024-01-31 21:00:00,15.6,96,16.6,0.0,0,10,4.6,108,0
742,2024-01-31 22:00:00,15.0,97,15.8,0.0,2,76,3.8,107,0
743,2024-01-31 23:00:00,15.1,97,16.1,0.0,3,98,3.2,63,0
744,2024-02-01 00:00:00,15.2,97,16.4,0.0,3,100,1.9,22,0
745,2024-02-01 01:00:00,14.8,99,16.2,0.0,3,100,1.0,135,0
746,2024-02-01 02:00:00,14.9,99,16.3,0.0,3,100,1.1,270,0
747,2024-02-01 03:00:00,14.9,99,16.3,0.0,3,100,1.3,124,0
748,2024-02-01 04:00:00,14.8,99,16.1,0.0,3,100,1.5,135,0
749,2024-02-01 05:00:00,14.5,99,15.7,0.0,3,100,1.5,166,0
750,2024-02-01 06:00:00,14.8,99,16.2,0.0,3,100,1.3,146,0
751,2024-02-01 07:00:00,15.0,98,16.3,0.0,3,100,1.9,338,1
752,2024-02-01 08:00:00,15.8,95,17.1,0.0,3,100,2.5,8,1
753,2024-02-01 09:00:00,17.9,91,19.4,0.0,1,49,4.3,5,1
754,2024-02-01 10:00:00,20.4,82,22.5,0.0,2,51,2.7,67,1
755,2024-02-01 11:00:00,22.9,74,25.1,0.0,3,92,5.3,62,1
756,2024-02-01 12:00:00,24.0,70,25.8,0.0,2,58,8.1,58,1
757,2024-02-01 13:00:00,25.0,67,27.3,0.0,3,80,6.8,65,1
758,2024-02-01 14:00:00,25.0,65,26.7,0.0,3,100,7.3,70,1
759,2024-02-01 15:00:00,24.6,66,26.9,0.0,3,93,3.4,32,1
760,2024-02-01 16:00:00,23.6,72,26.2,0.2,51,93,2.6,34,1
761,2024-02-01 17:00:00,23.1,77,26.0,0.0,3,92,2.2,90,1
762,2024-02-01 18:00:00,21.0,87,23.6,0.0,3,97,4.6,72,0
763,2024-02-01 19:00:00,20.7,89,23.4,0.0,3,100,3.4,122,0
764,2024-02-01 20:00:00,19.8,92,22.1,0.0,3,97,5.4,86,0
765,2024-02-01 21:00:00,19.1,94,21.2,0.0,3,98,5.8,90,0
766,2024-02-01 22:00:00,17.6,91,18.1,0.0,3,100,10.2,98,0
767,2024-02-01 23:00:00,16.1,91,16.5,0.3,51,100,7.0,125,0
768,2024-02-02 00:00:00,15.5,90,15.8,0.4,51,100,6.9,118,0
769,2024-02-02 01:00:00,14.6,96,14.9,0.7,53,100,5.9,133,0
770,2024-02-02 02:00:00,14.0,96,14.1,0.4,51,100,6.4,142,0
771,2024-02-02 03:00:00,13.7,96,13.7,0.1,51,100,5.9,142,0
772,2024-02-02 04:00:00,13.4,93,13.3,0.1,51,100,5.9,137,0
773,2024-02-02 05:00:00,12.9,94,12.8,0.1,51,100,4.6,141,0
774,2024-02-02 06:00:00,12.7,91,12.2,0.0,3,100,5.9,142,0
775,2024-02-02 07:00:00,12.3,92,11.7,0.0,3,100,5.6,135,1
776,2024-02-02 08:00:00,12.1,91,11.5,0.0,3,100,5.6,135,1
777,2024-02-02 09:00:00,12.6,88,11.9,0.0,3,100,5.7,125,1
778,2024-02-02 10:00:00,12.9,84,12.1,0.0,3,100,5.8,112,1
779,2024-02-02 11:00:00,13.1,82,12.3,0.0,3,100,6.0,107,1
780,2024-02-02 12:00:00,13.1,81,12.1,0.1,51,100,6.6,99,1
781,2024-02-02 13:00:00,13.5,79,12.5,0.0,3,100,7.0,111,1
782,2024-02-02 14:00:00,13.8,76,12.5,0.0,3,100,8.3,108,1
783,2024-02-02 15:00:00,13.6,75,12.2,0.0,3,100,8.2,113,1
784,2024-02-02 16:00:00,13.4,74,11.8,0.0,3,100,8.4,115,1
785,2024-02-02 17:00:00,13.1,72,11.7,0.0,3,100,6.1,118,1
786,2024-02-02 18:00:00,12.7,74,11.3,0.0,3,100,5.9,128,0
787,2024-02-02 19:00:00,12.3,76,10.9,0.0,3,100,5.6,135,0
788,2024-02-02 20:00:00,11.9,78,10.7,0.0,3,100,5.1,141,0
789,2024-02-02 21:00:00,11.8,80,10.8,0.0,3,100,4.1,135,0
790,2024-02-02 22:00:00,11.6,82,10.6,0.0,3,100,3.8,139,0
791,2024-02-02 23:00:00,11.3,83,10.4,0.0,3,100,3.3,139,0
792,2024-02-03 00:00:00,11.3,84,10.5,0.0,3,100,2.5,135,0
793,2024-02-03 01:00:00,11.2,85,10.6,0.0,3,100,2.0,135,0
794,2024-02-03 02:00:00,11.2,85,10.7,0.0,3,100,1.0,135,0
795,2024-02-03 03:00:00,11.2,85,10.6,0.0,3,100,1.5,166,0
796,2024-02-03 04:00:00,11.2,85,10.6,0.0,3,100,1.9,158,0
797,2024-02-03 05:00:00,11.3,85,10.6,0.0,3,100,2.5,180,0
798,2024-02-03 06:00:00,11.3,85,10.7,0.0,3,100,2.3,162,0
799,2024-02-03 07:00:00,11.4,85,10.8,0.0,3,100,1.9,158,1
800,2024-02-03 08:00:00,11.8,84,11.2,0.0,3,100,1.8,169,1
801,2024-02-03 09:00:00,13.0,82,12.9,0.0,3,97,1.1,90,1
802,2024-02-03 10:00:00,14.3,78,14.2,0.0,3,100,1.4,90,1
803,2024-02-03 11:00:00,15.3,75,15.2,0.0,3,98,2.3,141,1
804,2024-02-03 12:00:00,16.8,71,17.0,0.0,2,77,2.3,141,1
805,2024-02-03 13:00:00,18.3,68,18.4,0.0,3,100,3.7,79,1
806,2024-02-03 14:00:00,18.6,70,18.6,0.0,1,21,6.5,90,1
807,2024-02-03 15:00:00,19.7,70,20.3,0.0,0,18,4.8,153,1
808,2024-02-03 16:00:00,19.9,70,20.2,0.0,2,79,6.7,164,1
809,2024-02-03 17:00:00,18.3,73,17.9,0.0,2,78,9.4,130,1
810,2024-02-03 18:00:00,15.6,78,14.9,0.0,3,99,8.5,126,0
811,2024-02-03 19:00:00,13.8,83,13.1,0.0,2,55,6.9,129,0
812,2024-02-03 20:00:00,12.7,90,12.4,0.0,2,57,3.9,146,0
813,2024-02-03 21:00:00,12.7,93,12.5,0.0,3,93,4.3,138,0
814,2024-02-03 22:00:00,13.0,91,13.1,0.0,3,100,2.7,157,0
815,2024-02-03 23:00:00,13.3,88,13.4,0.0,3,100,2.6,164,0
816,2024-02-04 00:00:00,13.5,88,13.4,0.0,3,100,3.4,162,0
817,2024-02-04 01:00:00,13.4,87,13.3,0.0,3,100,3.6,143,0
818,2024-02-04 02:00:00,13.3,85,13.0,0.0,3,100,3.8,139,0
819,2024-02-04 03:00:00,13.1,84,12.4,0.0,3,100,5.1,141,0
820,2024-02-04 04:00:00,12.7,84,11.9,0.0,3,100,5.9,142,0
821,2024-02-04 05:00:00,12.3,85,11.4,0.0,3,100,5.9,133,0
822,2024-02-04 06:00:00,12.1,85,11.2,0.0,3,100,5.2,146,0
823,2024-02-04 07:00:00,11.9,84,10.8,0.0,3,100,5.9,142,1
824,2024-02-04 08:00:00,11.9,83,10.9,0.0,3,100,5.4,127,1
825,2024-02-04 09:00:00,12.7,80,11.8,0.0,3,100,4.8,103,1
826,2024-02-04 10:00:00,13.1,77,11.9,0.0,3,100,6.3,103,1
827,2024-02-04 11:00:00,13.7,74,12.5,0.0,3,100,6.6,112,1
828,2024-02-04 12:00:00,14.2,73,13.1,0.0,3,100,6.4,117,1
829,2024-02-04 13:00:00,15.3,70,14.2,0.0,3,100,7.1,131,1
830,2024-02-04 14:00:00,15.7,70,14.9,0.0,3,100,5.8,120,1
831,2024-02-04 15:00:00,15.6,71,15.1,0.0,3,100,4.2,110,1
832,2024-02-04 16:00:00,15.5,73,14.8,0.1,51,100,6.0,147,1
833,2024-02-04 17:00:00,14.8,80,14.3,1.0,55,100,6.1,140,1
834,2024-02-04 18:00:00,14.1,87,14.4,0.5,53,100,1.8,169,0
835,2024-02-04 19:00:00,13.7,91,14.3,2.8,63,95,1.1,180,0
836,2024-02-04 20:00:00,13.6,93,14.1,0.3,51,60,1.5,135,0
837,2024-02-04 21:00:00,13.0,93,13.0,0.0,2,59,4.4,261,0
838,2024-02-04 22:00:00,12.1,96,11.7,0.0,1,37,5.1,262,0
839,2024-02-04 23:00:00,11.7,95,11.1,0.0,0,7,5.4,290,0
840,2024-02-05 00:00:00,11.3,94,10.5,0.0,0,3,5.6,297,0
841,2024-02-05 01:00:00,11.1,94,10.1,0.0,0,5,6.9,298,0
842,2024-02-05 02:00:00,11.1,91,9.8,0.0,0,3,7.9,294,0
843,2024-02-05 03:00:00,10.1,93,8.9,0.0,0,18,6.4,297,0
844,2024-02-05 04:00:00,9.7,93,8.4,0.0,1,26,5.8,300,0
845,2024-02-05 05:00:00,9.2,92,7.8,0.0,0,16,5.8,300,0
846,2024-02-05 06:00:00,8.4,92,6.7,0.0,0,2,6.8,302,0
847,2024-02-05 07:00:00,8.4,92,6.7,0.0,0,0,6.3,301,1
848,2024-02-05 08:00:00,10.6,82,8.9,0.0,0,0,7.4,309,1
849,2024-02-05 09:00:00,13.2,75,11.9,0.0,0,4,6.9,321,1
850,2024-02-05 10:00:00,14.9,71,14.1,0.0,0,13,4.8,347,1
851,2024-02-05 11:00:00,16.2,67,15.6,0.0,3,98,3.8,73,1
852,2024-02-05 12:00:00,16.6,68,15.7,0.0,3,100,7.6,109,1
853,2024-02-05 13:00:00,16.1,72,14.7,0.0,3,100,11.8,117,1
854,2024-02-05 14:00:00,14.7,75,12.8,0.0,3,100,13.7,117,1
855,2024-02-05 15:00:00,14.2,72,12.3,0.0,3,100,11.9,115,1
856,2024-02-05 16:00:00,14.2,70,12.2,0.0,3,100,11.2,105,1
857,2024-02-05 17:00:00,13.3,71,11.0,0.0,3,100,12.3,105,1
858,2024-02-05 18:00:00,12.1,76,9.9,0.0,3,100,11.0,101,0
859,2024-02-05 19:00:00,11.6,78,9.7,0.0,3,100,9.4,83,0
860,2024-02-05 20:00:00,11.2,79,9.3,0.0,3,100,9.2,79,0
861,2024-02-05 21:00:00,10.9,82,9.2,0.0,3,100,8.1,77,0
862,2024-02-05 22:00:00,10.7,81,9.0,0.0,3,100,7.0,78,0
863,2024-02-05 23:00:00,10.4,80,8.8,0.0,3,100,6.2,80,0
864,2024-02-06 00:00:00,10.1,80,8.3,0.0,3,100,7.0,78,0
865,2024-02-06 01:00:00,9.9,79,8.0,0.0,3,100,6.3,77,0
866,2024-02-06 02:00:00,9.8,77,7.9,0.0,3,100,5.8,68,0
867,2024-02-06 03:00:00,9.6,77,7.7,0.0,3,100,6.2,69,0
868,2024-02-06 04:00:00,9.5,78,7.4,0.0,3,100,6.6,81,0
869,2024-02-06 05:00:00,9.3,78,7.3,0.0,3,100,6.3,66,0
870,2024-02-06 06:00:00,9.1,79,7.3,0.0,3,100,5.2,78,0
871,2024-02-06 07:00:00,9.0,78,6.8,0.0,3,100,7.2,90,1
872,2024-02-06 08:00:00,9.1,78,6.9,0.0,3,100,7.2,84,1
873,2024-02-06 09:00:00,9.9,76,7.8,0.0,3,100,7.2,87,1
874,2024-02-06 10:00:00,10.4,73,8.2,0.0,3,100,7.6,98,1
875,2024-02-06 11:00:00,11.5,68,9.3,0.0,3,100,8.0,98,1
876,2024-02-06 12:00:00,12.0,67,9.8,0.0,3,100,8.2,105,1
877,2024-02-06 13:00:00,12.5,66,10.2,0.0,3,100,8.9,111,1
878,2024-02-06 14:00:00,12.6,66,10.3,0.0,3,100,9.3,106,1
879,2024-02-06 15:00:00,12.0,69,9.4,0.0,3,100,11.2,111,1
880,2024-02-06 16:00:00,11.2,71,8.6,0.0,3,100,11.0,109,1
881,2024-02-06 17:00:00,10.5,73,8.1,0.0,3,100,9.3,106,1
882,2024-02-06 18:00:00,9.7,76,7.4,0.0,3,100,8.1,103,0
883,2024-02-06 19:00:00,9.4,77,7.3,0.0,3,100,6.6,99,0
884,2024-02-06 20:00:00,9.2,77,7.1,0.0,3,100,6.9,99,0
885,2024-02-06 21:00:00,9.0,80,7.2,0.0,3,100,4.7,94,0
886,2024-02-06 22:00:00,8.9,80,7.1,0.0,3,100,4.7,81,0
887,2024-02-06 23:00:00,8.8,80,6.8,0.0,3,100,5.5,101,0
888,2024-02-07 00:00:00,8.8,80,7.1,0.0,3,100,3.6,96,0
889,2024-02-07 01:00:00,8.7,79,7.1,0.0,3,100,3.0,104,0
890,2024-02-07 02:00:00,8.6,80,6.9,0.0,3,100,4.0,95,0
891,2024-02-07 03:00:00,8.5,79,6.6,0.0,3,100,4.9,126,0
892,2024-02-07 04:00:00,8.3,81,6.7,0.1,51,100,2.5,82,0
893,2024-02-07 05:00:00,8.3,82,6.5,0.1,51,100,4.2,121,0
894,2024-02-07 06:00:00,8.3,83,6.7,0.3,51,100,3.1,126,0
895,2024-02-07 07:00:00,7.8,91,6.0,1.0,55,100,5.7,108,1
896,2024-02-07 08:00:00,8.2,90,6.6,5.9,63,95,4.9,144,1
897,2024-02-07 09:00:00,8.4,88,6.5,0.1,51,100,7.4,113,1
898,2024-02-07 10:00:00,8.5,90,7.2,1.0,55,100,3.3,77,1
899,2024-02-07 11:00:00,8.9,90,7.6,1.6,61,100,3.8,49,1
900,2024-02-07 12:00:00,9.0,90,7.4,1.0,55,100,6.2,126,1
901,2024-02-07 13:00:00,9.4,89,7.4,2.5,63,100,9.5,127,1
902,2024-02-07 14:00:00,9.4,89,7.9,0.9,53,100,5.8,97,1
903,2024-02-07 15:00:00,9.9,84,8.7,0.2,51,100,3.4,108,1
904,2024-02-07 16:00:00,9.0,91,7.5,1.5,61,100,6.1,130,1
905,2024-02-07 17:00:00,8.4,93,6.5,2.1,61,100,8.6,112,1
906,2024-02-07 18:00:00,8.0,94,6.0,1.7,61,100,8.4,133,0
907,2024-02-07 19:00:00,7.7,92,5.9,0.8,53,100,6.5,96,0
908,2024-02-07 20:00:00,7.7,90,6.1,2.5,63,100,4.4,99,0
909,2024-02-07 21:00:00,7.6,90,6.1,0.3,51,100,2.9,90,0
910,2024-02-07 22:00:00,7.8,92,6.6,1.3,61,100,1.8,79,0
911,2024-02-07 23:00:00,7.6,88,6.1,0.8,53,100,2.9,83,0
912,2024-02-08 00:00:00,7.4,88,5.7,1.1,55,100,4.0,85,0
913,2024-02-08 01:00:00,7.4,88,6.0,0.8,53,100,2.2,99,0
914,2024-02-08 02:00:00,7.1,84,5.3,0.1,51,100,2.7,113,0
915,2024-02-08 03:00:00,6.9,86,4.5,0.0,3,100,7.4,133,0
916,2024-02-08 04:00:00,6.8,86,4.7,0.1,51,100,5.5,101,0
917,2024-02-08 05:00:00,6.8,85,4.9,0.1,51,98,3.4,108,0
918,2024-02-08 06:00:00,6.0,89,4.1,0.0,3,100,3.3,103,0
919,2024-02-08 07:00:00,6.3,84,4.2,0.0,3,100,3.6,127,1
920,2024-02-08 08:00:00,6.7,81,4.4,0.0,3,100,5.6,117,1
921,2024-02-08 09:00:00,7.1,81,5.1,0.0,3,100,4.3,95,1
922,2024-02-08 10:00:00,7.3,81,5.2,0.1,51,100,4.7,99,1
923,2024-02-08 11:00:00,7.7,80,5.6,0.1,51,100,5.1,82,1
924,2024-02-08 12:00:00,7.8,81,5.7,0.1,51,100,5.9,104,1
925,2024-02-08 13:00:00,8.5,77,6.3,0.0,3,100,6.0,107,1
926,2024-02-08 14:00:00,8.6,75,6.2,0.0,3,100,7.1,114,1
927,2024-02-08 15:00:00,8.5,74,6.0,0.0,3,100,7.9,114,1
928,2024-02-08 16:00:00,8.6,72,6.0,0.0,3,100,7.8,103,1
929,2024-02-08 17:00:00,8.4,71,5.8,0.0,3,100,7.1,105,1
930,2024-02-08 18:00:00,8.2,72,5.7,0.0,3,100,6.6,99,0
931,2024-02-08 19:00:00,8.0,75,5.8,0.0,3,100,4.7,94,0
932,2024-02-08 20:00:00,7.8,78,5.8,0.1,51,100,3.6,96,0
933,2024-02-08 21:00:00,7.3,89,5.7,0.4,51,100,3.4,108,0
934,2024-02-08 22:00:00,7.5,84,5.5,0.2,51,100,5.2,106,0
935,2024-02-08 23:00:00,7.2,89,5.8,0.0,3,100,2.1,121,0
936,2024-02-09 00:00:00,7.3,91,5.9,0.1,51,100,2.5,82,0
937,2024-02-09 01:00:00,7.8,83,5.9,0.1,51,100,4.7,99,0
938,2024-02-09 02:00:00,7.5,84,5.8,0.0,3,100,3.5,114,0
939,2024-02-09 03:00:00,7.4,86,5.6,0.1,51,100,4.3,114,0
940,2024-02-09 04:00:00,7.3,87,5.4,0.0,3,100,4.5,104,0
941,2024-02-09 05:00:00,7.2,87,5.5,0.0,3,100,3.0,104,0
942,2024-02-09 06:00:00,7.1,87,5.3,0.0,3,100,4.2,121,0
943,2024-02-09 07:00:00,7.0,87,5.0,0.0,3,100,5.2,124,1
944,2024-02-09 08:00:00,7.3,85,5.3,0.0,3,100,5.2,124,1
945,2024-02-09 09:00:00,7.8,82,5.9,0.0,3,100,4.0,100,1
946,2024-02-09 10:00:00,8.6,78,6.9,0.0,3,100,3.5,66,1
947,2024-02-09 11:00:00,9.6,76,7.9,0.0,3,100,4.3,42,1
948,2024-02-09 12:00:00,10.5,74,8.9,0.1,51,100,3.9,34,1
949,2024-02-09 13:00:00,11.5,70,10.2,0.1,51,100,2.0,45,1
950,2024-02-09 14:00:00,11.9,67,10.8,0.0,3,100,0.8,153,1
951,2024-02-09 15:00:00,12.4,66,10.9,0.0,3,100,3.3,174,1
952,2024-02-09 16:00:00,12.6,66,11.0,0.0,3,95,4.2,121,1
953,2024-02-09 17:00:00,11.5,71,9.2,0.0,2,71,9.4,113,1
954,2024-02-09 18:00:00,9.4,77,7.0,0.0,0,1,8.5,118,0
955,2024-02-09 19:00:00,6.5,90,4.2,0.0,0,0,7.6,121,0
956,2024-02-09 20:00:00,7.7,84,5.7,0.0,1,21,5.3,118,0
957,2024-02-09 21:00:00,8.5,74,6.7,0.0,3,100,2.5,98,0
958,2024-02-09 22:00:00,8.7,71,6.9,0.0,3,100,2.1,31,0
959,2024-02-09 23:00:00,8.0,77,6.1,0.0,3,93,2.9,7,0
960,2024-02-10 00:00:00,8.2,74,6.3,0.0,1,32,3.1,339,0
961,2024-02-10 01:00:00,7.4,87,5.7,0.0,0,9,3.8,319,0
962,2024-02-10 02:00:00,5.9,100,4.2,0.0,0,17,4.4,305,0
963,2024-02-10 03:00:00,4.1,100,1.9,0.0,3,99,5.8,300,0
964,2024-02-10 04:00:00,3.8,100,1.4,0.0,3,99,5.8,292,0
965,2024-02-10 05:00:00,4.2,100,2.2,0.0,3,98,3.5,294,0
966,2024-02-10 06:00:00,4.4,100,2.5,0.0,3,98,3.6,276,0
967,2024-02-10 07:00:00,4.5,100,2.6,0.0,3,97,3.6,276,1
968,2024-02-10 08:00:00,6.1,92,4.2,0.0,1,33,4.5,284,1
969,2024-02-10 09:00:00,8.3,81,6.5,0.0,0,13,4.1,308,1
970,2024-02-10 10:00:00,10.7,69,9.1,0.0,0,1,2.5,315,1
971,2024-02-10 11:00:00,12.7,61,12.3,0.0,0,0,0.0,270,1
972,2024-02-10 12:00:00,14.1,57,14.0,0.0,0,0,2.3,141,1
973,2024-02-10 13:00:00,15.0,57,14.9,0.0,0,0,4.9,144,1
974,2024-02-10 14:00:00,15.6,58,15.0,0.0,0,0,6.7,144,1
975,2024-02-10 15:00:00,15.6,58,13.9,0.0,0,1,9.2,135,1
976,2024-02-10 16:00:00,14.7,59,12.1,0.0,0,0,11.4,125,1
977,2024-02-10 17:00:00,13.0,60,10.5,0.0,0,7,9.4,122,1
978,2024-02-10 18:00:00,9.5,74,7.2,0.0,0,0,7.0,145,0
979,2024-02-10 19:00:00,8.4,79,6.1,0.0,0,0,7.6,161,0
980,2024-02-10 20:00:00,10.0,71,8.0,0.0,0,0,5.5,157,0
981,2024-02-10 21:00:00,9.4,76,7.7,0.0,0,2,3.5,156,0
982,2024-02-10 22:00:00,8.7,82,7.1,0.0,0,7,3.4,238,0
983,2024-02-10 23:00:00,8.0,87,6.3,0.0,0,0,4.6,288,0
984,2024-02-11 00:00:00,7.2,94,5.6,0.0,0,0,4.2,290,0
985,2024-02-11 01:00:00,6.7,99,5.0,0.0,0,3,5.4,278,0
986,2024-02-11 02:00:00,6.0,95,4.0,0.0,0,2,5.8,277,0
987,2024-02-11 03:00:00,5.4,96,3.2,0.0,0,0,6.2,280,0
988,2024-02-11 04:00:00,5.3,97,3.1,0.0,0,0,6.8,273,0
989,2024-02-11 05:00:00,5.1,98,2.8,0.0,0,0,6.8,267,0
990,2024-02-11 06:00:00,4.5,99,2.1,0.0,0,0,6.8,270,0
991,2024-02-11 07:00:00,4.1,98,1.6,0.0,0,0,6.8,270,1
992,2024-02-11 08:00:00,6.8,89,4.8,0.0,0,0,5.4,278,1
993,2024-02-11 09:00:00,9.6,80,8.2,0.0,0,14,3.4,302,1
994,2024-02-11 10:00:00,13.1,63,11.7,0.0,0,0,3.3,319,1
995,2024-02-11 11:00:00,16.0,48,15.3,0.0,0,0,2.6,304,1
996,2024-02-11 12:00:00,17.7,40,17.6,0.0,0,0,1.1,180,1
997,2024-02-11 13:00:00,18.5,40,17.9,0.0,0,0,5.7,145,1
998,2024-02-11 14:00:00,18.6,40,16.9,0.0,0,0,10.2,138,1
999,2024-02-11 15:00:00,18.0,38,14.9,0.0,0,0,12.5,129,1
1000,2024-02-11 16:00:00,16.8,37,13.2,0.0,0,0,12.5,123,1
1001,2024-02-11 17:00:00,14.9,48,12.5,0.0,0,0,7.0,111,1
1002,2024-02-11 18:00:00,11.7,59,9.1,0.0,0,0,7.8,124,0
1003,2024-02-11 19:00:00,12.6,55,10.6,0.0,0,0,4.0,175,0
1004,2024-02-11 20:00:00,11.6,62,10.0,0.0,0,0,1.5,166,0
1005,2024-02-11 21:00:00,10.3,68,8.6,0.0,0,0,2.4,333,0
1006,2024-02-11 22:00:00,9.2,79,7.6,0.0,0,0,3.1,315,0
1007,2024-02-11 23:00:00,8.4,86,6.8,0.0,0,0,3.8,311,0
1008,2024-02-12 00:00:00,7.5,89,5.6,0.0,0,0,5.6,315,0
1009,2024-02-12 01:00:00,7.2,91,5.4,0.0,0,0,5.0,300,0
1010,2024-02-12 02:00:00,6.8,91,4.9,0.0,0,0,5.0,300,0
1011,2024-02-12 03:00:00,6.2,91,4.0,0.0,0,0,5.9,308,0
1012,2024-02-12 04:00:00,6.3,89,4.1,0.0,0,0,5.9,308,0
1013,2024-02-12 05:00:00,6.0,90,3.8,0.0,0,0,5.5,302,0
1014,2024-02-12 06:00:00,5.8,91,3.6,0.0,0,0,5.7,305,0
1015,2024-02-12 07:00:00,5.6,91,3.4,0.0,0,1,5.5,293,1
1016,2024-02-12 08:00:00,7.0,85,5.0,0.0,0,0,4.7,274,1
1017,2024-02-12 09:00:00,10.0,71,8.2,0.0,0,6,3.3,264,1
1018,2024-02-12 10:00:00,13.1,54,11.3,0.0,0,0,2.5,270,1
1019,2024-02-12 11:00:00,15.1,51,14.8,0.0,0,0,0.8,27,1
1020,2024-02-12 12:00:00,16.5,52,16.8,0.0,0,0,2.3,72,1
1021,2024-02-12 13:00:00,17.4,53,17.6,0.0,0,0,4.8,103,1
1022,2024-02-12 14:00:00,17.9,53,17.4,0.0,0,0,7.9,106,1
1023,2024-02-12 15:00:00,17.9,52,16.4,0.0,0,0,9.0,106,1
1024,2024-02-12 16:00:00,17.3,54,15.3,0.0,0,0,10.0,103,1
1025,2024-02-12 17:00:00,16.0,64,15.0,0.0,0,0,5.0,111,1
1026,2024-02-12 18:00:00,15.3,61,14.0,0.0,0,0,5.1,141,0
1027,2024-02-12 19:00:00,14.2,66,13.4,0.0,0,0,1.8,143,0
1028,2024-02-12 20:00:00,12.5,74,11.6,0.0,0,0,2.4,333,0
1029,2024-02-12 21:00:00,11.3,80,10.1,0.0,0,0,4.1,315,0
1030,2024-02-12 22:00:00,9.8,88,8.4,0.0,0,0,5.9,308,0
1031,2024-02-12 23:00:00,7.8,94,5.8,0.0,0,0,7.7,307,0
1032,2024-02-13 00:00:00,9.0,90,7.4,0.0,1,36,6.2,306,0
1033,2024-02-13 01:00:00,8.4,91,6.7,0.0,2,67,6.5,304,0
1034,2024-02-13 02:00:00,8.6,90,6.8,0.0,3,86,6.4,308,0
1035,2024-02-13 03:00:00,8.7,90,7.0,0.0,3,90,6.3,294,0
1036,2024-02-13 04:00:00,9.3,89,7.7,0.0,2,69,6.3,294,0
1037,2024-02-13 05:00:00,8.2,93,6.4,0.0,0,0,7.0,282,0
1038,2024-02-13 06:00:00,8.3,94,6.7,0.0,0,0,6.6,283,0
1039,2024-02-13 07:00:00,6.7,98,4.7,0.0,0,0,7.3,281,1
1040,2024-02-13 08:00:00,9.9,89,8.6,0.0,0,0,5.1,274,1
1041,2024-02-13 09:00:00,13.5,78,13.1,0.0,0,0,2.5,262,1
1042,2024-02-13 10:00:00,16.3,68,15.9,0.0,0,0,3.8,287,1
1043,2024-02-13 11:00:00,18.2,63,18.9,0.0,0,0,2.3,288,1
1044,2024-02-13 12:00:00,19.4,60,21.1,0.0,0,0,0.5,135,1
1045,2024-02-13 13:00:00,20.3,52,21.4,0.0,0,1,2.6,124,1
1046,2024-02-13 14:00:00,20.7,47,21.1,0.0,0,3,3.2,117,1
1047,2024-02-13 15:00:00,20.7,48,20.1,0.0,0,1,4.7,113,1
1048,2024-02-13 16:00:00,20.4,50,19.7,0.0,0,0,4.0,80,1
1049,2024-02-13 17:00:00,19.1,65,19.4,0.0,0,0,3.0,104,1
1050,2024-02-13 18:00:00,15.5,75,14.8,0.0,0,0,7.1,131,0
1051,2024-02-13 19:00:00,12.9,90,12.0,0.0,0,0,8.7,114,0
1052,2024-02-13 20:00:00,13.9,85,13.6,0.0,0,0,5.0,90,0
1053,2024-02-13 21:00:00,13.4,87,13.6,0.0,0,0,1.5,194,0
1054,2024-02-13 22:00:00,13.1,89,13.0,0.0,0,0,2.9,263,0
1055,2024-02-13 23:00:00,12.6,90,12.6,0.0,0,0,2.1,239,0
1056,2024-02-14 00:00:00,12.0,92,11.8,0.0,0,3,2.5,262,0
1057,2024-02-14 01:00:00,10.6,96,10.4,0.0,0,0,1.6,243,0
1058,2024-02-14 02:00:00,9.3,99,8.6,0.0,0,0,2.7,247,0
1059,2024-02-14 03:00:00,9.0,100,8.2,0.0,0,0,3.3,257,0
1060,2024-02-14 04:00:00,8.9,99,8.0,0.0,0,2,4.0,260,0
1061,2024-02-14 05:00:00,9.0,99,8.1,0.0,0,5,3.9,248,0
1062,2024-02-14 06:00:00,8.5,99,7.5,0.0,0,6,4.0,243,0
1063,2024-02-14 07:00:00,8.4,99,7.3,0.0,0,8,4.5,256,1
1064,2024-02-14 08:00:00,12.1,89,11.7,0.0,0,9,3.0,256,1
1065,2024-02-14 09:00:00,15.1,78,15.2,0.0,0,11,2.0,315,1
1066,2024-02-14 10:00:00,17.7,72,18.1,0.0,0,8,1.8,349,1
1067,2024-02-14 11:00:00,19.8,67,21.3,0.0,0,1,2.1,59,1
1068,2024-02-14 12:00:00,21.5,63,23.5,0.0,0,0,3.7,101,1
1069,2024-02-14 13:00:00,22.6,59,24.6,0.0,0,0,5.2,102,1
1070,2024-02-14 14:00:00,23.4,54,24.7,0.0,0,9,6.1,93,1
1071,2024-02-14 15:00:00,23.9,51,24.1,0.0,0,4,7.5,107,1
1072,2024-02-14 16:00:00,23.8,55,23.6,0.0,0,4,10.2,122,1
1073,2024-02-14 17:00:00,22.2,63,22.6,0.0,0,0,8.4,115,1
1074,2024-02-14 18:00:00,17.9,79,17.9,0.0,0,1,8.8,99,0
1075,2024-02-14 19:00:00,17.4,80,17.6,0.0,0,1,7.2,84,0
1076,2024-02-14 20:00:00,17.4,80,18.2,0.0,0,19,3.7,151,0
1077,2024-02-14 21:00:00,16.9,80,17.6,0.0,0,2,2.6,214,0
1078,2024-02-14 22:00:00,16.3,82,17.1,0.0,1,21,1.3,236,0
1079,2024-02-14 23:00:00,15.8,84,16.7,0.0,1,22,0.4,180,0
1080,2024-02-15 00:00:00,14.4,88,14.8,0.0,0,13,2.9,173,0
1081,2024-02-15 01:00:00,12.9,92,12.8,0.0,0,15,4.0,185,0
1082,2024-02-15 02:00:00,12.6,92,12.5,0.0,0,14,3.7,191,0
1083,2024-02-15 03:00:00,13.2,90,13.6,0.0,0,19,0.5,225,0
1084,2024-02-15 04:00:00,13.1,90,13.3,0.0,1,33,1.9,248,0
1085,2024-02-15 05:00:00,13.3,89,13.3,0.0,0,19,2.9,240,0
1086,2024-02-15 06:00:00,13.1,89,13.1,0.0,2,65,2.7,247,0
1087,2024-02-15 07:00:00,13.0,89,12.9,0.0,1,22,3.1,249,1
1088,2024-02-15 08:00:00,14.6,85,15.0,0.0,0,2,1.3,214,1
1089,2024-02-15 09:00:00,17.5,77,18.4,0.0,0,1,0.8,117,1
1090,2024-02-15 10:00:00,19.3,73,20.2,0.0,0,4,3.5,24,1
1091,2024-02-15 11:00:00,21.2,69,23.2,0.0,0,17,2.9,60,1
1092,2024-02-15 12:00:00,23.1,64,25.1,0.0,1,41,6.1,93,1
1093,2024-02-15 13:00:00,24.4,61,26.4,0.1,51,39,6.9,84,1
1094,2024-02-15 14:00:00,24.8,61,27.0,0.0,1,22,3.6,96,1
1095,2024-02-15 15:00:00,25.1,61,26.9,0.0,1,20,4.5,104,1
1096,2024-02-15 16:00:00,24.8,61,26.9,0.0,1,28,1.6,117,1
1097,2024-02-15 17:00:00,23.3,70,25.4,0.1,51,57,4.0,265,1
1098,2024-02-15 18:00:00,21.4,78,23.3,0.0,2,66,4.7,58,0
1099,2024-02-15 19:00:00,19.1,88,20.7,0.3,51,100,6.0,57,0
1100,2024-02-15 20:00:00,13.8,91,13.0,1.2,55,100,10.0,105,0
1101,2024-02-15 21:00:00,14.2,89,14.1,1.0,55,100,5.8,173,0
1102,2024-02-15 22:00:00,13.6,86,12.7,0.2,51,100,8.6,147,0
1103,2024-02-15 23:00:00,12.7,85,11.3,0.1,51,100,10.1,125,0
1104,2024-02-16 00:00:00,11.9,85,10.3,0.0,3,100,9.7,117,0
1105,2024-02-16 01:00:00,11.4,84,10.0,0.0,3,100,7.2,117,0
1106,2024-02-16 02:00:00,11.0,83,9.4,0.0,3,100,7.6,109,0
1107,2024-02-16 03:00:00,10.7,83,9.1,0.0,3,100,6.5,109,0
1108,2024-02-16 04:00:00,10.5,81,8.9,0.0,3,100,6.1,93,0
1109,2024-02-16 05:00:00,10.3,81,8.6,0.0,3,100,6.5,90,0
1110,2024-02-16 06:00:00,10.0,82,8.2,0.0,3,100,7.3,101,0
1111,2024-02-16 07:00:00,9.9,82,8.0,0.0,3,100,7.5,107,1
1112,2024-02-16 08:00:00,9.9,81,7.9,0.0,3,100,7.9,106,1
1113,2024-02-16 09:00:00,10.4,79,8.3,0.0,3,100,8.9,104,1
1114,2024-02-16 10:00:00,10.3,79,8.2,0.5,53,100,8.1,103,1
1115,2024-02-16 11:00:00,10.5,78,8.6,0.2,51,100,7.4,104,1
1116,2024-02-16 12:00:00,11.1,77,9.4,0.0,3,100,6.4,117,1
1117,2024-02-16 13:00:00,12.4,72,10.8,0.0,3,100,5.8,112,1
1118,2024-02-16 14:00:00,13.3,69,11.9,0.0,3,100,5.2,124,1
1119,2024-02-16 15:00:00,13.9,67,12.3,0.0,3,91,6.7,126,1
1120,2024-02-16 16:00:00,13.8,66,11.8,0.0,3,100,9.1,124,1
1121,2024-02-16 17:00:00,12.5,68,10.0,0.0,3,99,11.5,122,1
1122,2024-02-16 18:00:00,10.7,73,8.3,0.0,2,69,9.2,129,0
1123,2024-02-16 19:00:00,9.6,79,7.7,0.0,1,47,6.4,128,0
1124,2024-02-16 20:00:00,8.8,84,7.1,0.0,1,36,4.4,125,0
1125,2024-02-16 21:00:00,8.9,84,7.5,0.0,2,74,3.1,126,0
1126,2024-02-16 22:00:00,8.2,88,6.8,0.0,2,79,3.6,135,0
1127,2024-02-16 23:00:00,8.1,89,6.6,0.0,3,95,3.4,148,0
1128,2024-02-17 00:00:00,7.9,91,6.5,0.0,3,100,3.9,158,0
1129,2024-02-17 01:00:00,7.6,92,6.0,0.0,3,100,4.0,170,0
1130,2024-02-17 02:00:00,7.6,91,6.1,0.0,3,96,3.6,174,0
1131,2024-02-17 03:00:00,8.7,85,7.4,0.0,3,98,2.4,207,0
1132,2024-02-17 04:00:00,8.7,85,7.5,0.0,3,99,1.8,233,0
1133,2024-02-17 05:00:00,8.7,85,7.6,0.0,3,100,1.1,252,0
1134,2024-02-17 06:00:00,8.4,88,7.1,0.0,3,100,2.6,214,0
1135,2024-02-17 07:00:00,7.2,97,5.9,0.0,3,100,3.2,207,1
1136,2024-02-17 08:00:00,9.2,90,8.3,0.0,2,60,1.6,207,1
1137,2024-02-17 09:00:00,11.5,79,10.6,0.0,1,25,2.3,141,1
1138,2024-02-17 10:00:00,13.4,74,12.6,0.0,3,84,3.0,104,1
1139,2024-02-17 11:00:00,15.2,69,15.1,0.0,3,85,4.1,105,1
1140,2024-02-17 12:00:00,16.7,67,17.3,0.0,1,37,5.0,111,1
1141,2024-02-17 13:00:00,18.0,64,19.0,0.0,1,27,5.4,94,1
1142,2024-02-17 14:00:00,19.5,62,19.8,0.0,0,18,8.3,85,1
1143,2024-02-17 15:00:00,20.7,60,19.8,0.0,0,1,11.6,97,1
1144,2024-02-17 16:00:00,19.9,62,18.2,0.0,0,0,16.6,112,1
1145,2024-02-17 17:00:00,17.8,70,16.8,0.0,0,0,11.6,97,1
1146,2024-02-17 18:00:00,15.0,81,14.6,0.0,0,0,6.5,90,0
1147,2024-02-17 19:00:00,12.9,91,12.6,0.0,0,0,5.1,86,0
1148,2024-02-17 20:00:00,11.6,94,10.9,0.0,0,5,6.2,80,0
1149,2024-02-17 21:00:00,11.5,97,11.2,0.0,3,87,3.9,112,0
1150,2024-02-17 22:00:00,11.5,97,11.5,0.0,3,96,2.1,121,0
1151,2024-02-17 23:00:00,11.5,98,11.7,0.0,3,100,1.1,360,0
1152,2024-02-18 00:00:00,11.3,99,11.3,0.0,3,100,2.3,309,0
1153,2024-02-18 01:00:00,10.7,100,10.6,0.0,3,100,2.4,297,0
1154,2024-02-18 02:00:00,11.1,100,11.2,0.0,3,100,1.1,270,0
1155,2024-02-18 03:00:00,11.2,97,11.3,0.0,3,100,1.3,236,0
1156,2024-02-18 04:00:00,11.1,98,11.2,0.0,3,100,1.1,198,0
1157,2024-02-18 05:00:00,11.2,97,11.3,0.0,3,100,0.5,225,0
1158,2024-02-18 06:00:00,11.3,95,11.4,0.0,3,100,0.5,225,0
1159,2024-02-18 07:00:00,11.5,94,11.5,0.0,3,100,0.8,297,1
1160,2024-02-18 08:00:00,12.2,92,12.2,0.0,3,100,1.5,315,1
1161,2024-02-18 09:00:00,14.8,86,15.2,0.0,3,89,2.6,74,1
1162,2024-02-18 10:00:00,16.4,82,16.8,0.0,3,81,4.3,85,1
1163,2024-02-18 11:00:00,18.7,75,19.2,0.0,3,100,7.5,73,1
1164,2024-02-18 12:00:00,20.0,72,20.2,0.0,3,100,9.7,86,1
1165,2024-02-18 13:00:00,23.0,66,24.2,0.0,2,50,6.5,124,1
1166,2024-02-18 14:00:00,25.9,54,26.2,0.0,2,74,15.8,210,1
1167,2024-02-18 15:00:00,27.0,48,26.4,0.0,3,86,15.7,196,1
1168,2024-02-18 16:00:00,24.8,60,24.4,0.0,3,89,18.0,151,1
1169,2024-02-18 17:00:00,22.3,71,22.6,0.0,3,94,14.4,143,1
1170,2024-02-18 18:00:00,20.5,77,21.3,0.0,3,94,9.0,157,0
1171,2024-02-18 19:00:00,18.7,86,20.0,0.0,3,90,6.4,142,0
1172,2024-02-18 20:00:00,17.9,92,19.5,0.0,3,96,4.9,126,0
1173,2024-02-18 21:00:00,17.8,92,19.2,0.0,3,91,6.0,155,0
1174,2024-02-18 22:00:00,17.0,95,18.2,0.0,2,67,5.6,165,0
1175,2024-02-18 23:00:00,16.8,95,17.9,0.0,2,64,6.0,163,0
1176,2024-02-19 00:00:00,18.2,91,20.2,0.0,2,63,2.7,247,0
1177,2024-02-19 01:00:00,16.7,96,18.0,0.0,3,94,5.7,342,0
1178,2024-02-19 02:00:00,16.7,95,17.7,0.0,2,76,7.0,339,0
1179,2024-02-19 03:00:00,16.3,97,17.7,0.0,1,44,4.0,355,0
1180,2024-02-19 04:00:00,15.5,98,16.4,0.0,3,96,5.0,360,0
1181,2024-02-19 05:00:00,16.4,95,18.0,0.0,2,58,1.6,63,0
1182,2024-02-19 06:00:00,15.5,98,16.6,0.0,3,100,3.6,6,0
1183,2024-02-19 07:00:00,16.0,96,17.3,0.0,3,100,3.7,349,1
1184,2024-02-19 08:00:00,17.4,91,18.8,0.0,3,100,4.0,5,1
1185,2024-02-19 09:00:00,19.1,88,20.8,0.0,3,86,5.1,352,1
1186,2024-02-19 10:00:00,21.5,80,23.5,0.0,3,97,5.6,27,1
1187,2024-02-19 11:00:00,23.4,75,25.3,0.0,3,100,8.7,52,1
1188,2024-02-19 12:00:00,24.9,72,27.4,0.0,3,100,7.6,45,1
1189,2024-02-19 13:00:00,26.3,68,29.3,0.0,3,100,5.4,48,1
1190,2024-02-19 14:00:00,27.6,62,30.2,0.0,3,100,6.6,112,1
1191,2024-02-19 15:00:00,27.8,57,29.2,0.0,3,100,11.3,153,1
1192,2024-02-19 16:00:00,27.4,59,28.8,0.0,3,100,11.8,153,1
1193,2024-02-19 17:00:00,25.4,66,27.0,0.0,3,100,10.7,132,1
1194,2024-02-19 18:00:00,23.0,74,24.5,0.0,3,99,10.0,131,0
1195,2024-02-19 19:00:00,21.1,83,23.1,0.0,3,100,6.1,130,0
1196,2024-02-19 20:00:00,19.3,91,21.1,0.0,3,100,6.9,137,0
1197,2024-02-19 21:00:00,20.6,86,23.0,0.0,0,2,3.9,158,0
1198,2024-02-19 22:00:00,19.9,89,22.5,0.0,0,10,1.8,217,0
1199,2024-02-19 23:00:00,19.1,93,21.8,0.0,0,0,1.0,225,0
1200,2024-02-20 00:00:00,18.4,97,20.9,0.0,0,0,1.9,338,0
1201,2024-02-20 01:00:00,16.8,99,18.7,0.0,0,5,3.2,297,0
1202,2024-02-20 02:00:00,16.3,100,18.0,0.0,3,98,3.3,283,0
1203,2024-02-20 03:00:00,15.8,100,17.7,0.0,3,97,0.8,243,0
1204,2024-02-20 04:00:00,15.4,100,16.9,0.0,3,100,1.8,270,0
1205,2024-02-20 05:00:00,15.3,100,16.6,0.0,3,100,2.4,297,0
1206,2024-02-20 06:00:00,15.5,100,17.0,0.0,3,100,2.3,288,0
1207,2024-02-20 07:00:00,16.0,98,17.6,0.0,3,100,2.6,286,1
1208,2024-02-20 08:00:00,17.0,96,18.9,0.0,3,86,2.3,288,1
1209,2024-02-20 09:00:00,19.4,90,21.8,0.0,3,99,2.8,320,1
1210,2024-02-20 10:00:00,21.8,83,25.1,0.0,2,77,0.0,270,1
1211,2024-02-20 11:00:00,23.6,76,26.9,0.0,2,63,4.3,90,1
1212,2024-02-20 12:00:00,25.7,67,29.3,0.0,1,43,6.0,65,1
1213,2024-02-20 13:00:00,27.7,61,31.2,0.0,2,61,6.5,84,1
1214,2024-02-20 14:00:00,29.1,52,31.2,0.0,2,62,10.0,128,1
1215,2024-02-20 15:00:00,28.2,54,28.5,0.0,1,46,17.4,128,1
1216,2024-02-20 16:00:00,27.2,58,27.8,0.0,1,30,16.4,128,1
1217,2024-02-20 17:00:00,25.4,65,26.5,0.0,2,57,13.4,121,1
1218,2024-02-20 18:00:00,22.5,75,23.9,0.0,3,95,9.4,108,0
1219,2024-02-20 19:00:00,20.4,83,22.1,0.0,3,87,6.5,93,0
1220,2024-02-20 20:00:00,18.8,90,20.5,0.0,1,30,5.4,82,0
1221,2024-02-20 21:00:00,18.3,91,20.2,0.0,0,5,3.6,96,0
1222,2024-02-20 22:00:00,17.4,95,19.2,0.0,1,25,3.6,84,0
1223,2024-02-20 23:00:00,16.9,97,18.7,0.0,3,90,3.2,90,0
1224,2024-02-21 00:00:00,16.9,97,18.6,0.0,3,99,3.4,72,0
1225,2024-02-21 01:00:00,16.7,99,18.6,0.0,3,100,1.9,22,0
1226,2024-02-21 02:00:00,16.7,99,18.9,0.0,3,100,0.8,117,0
1227,2024-02-21 03:00:00,16.7,99,18.9,0.0,3,100,0.4,180,0
1228,2024-02-21 04:00:00,16.6,99,18.6,0.0,3,100,1.3,146,0
1229,2024-02-21 05:00:00,16.8,99,18.8,0.0,3,100,2.2,360,0
1230,2024-02-21 06:00:00,17.0,99,19.0,0.0,3,100,2.5,360,0
1231,2024-02-21 07:00:00,17.0,99,18.8,0.0,3,100,4.1,345,1
1232,2024-02-21 08:00:00,17.8,98,20.0,0.0,3,100,3.8,17,1
1233,2024-02-21 09:00:00,20.1,88,22.5,0.0,2,64,3.3,77,1
1234,2024-02-21 10:00:00,23.0,79,25.4,0.0,3,83,7.1,45,1
1235,2024-02-21 11:00:00,24.7,73,27.3,0.0,3,95,7.4,61,1
1236,2024-02-21 12:00:00,27.9,61,30.8,0.0,1,37,6.3,156,1
1237,2024-02-21 13:00:00,29.9,48,30.7,0.0,0,18,16.9,200,1
1238,2024-02-21 14:00:00,30.6,44,30.7,0.0,1,37,19.3,204,1
1239,2024-02-21 15:00:00,29.8,47,29.8,0.0,1,35,17.8,198,1
1240,2024-02-21 16:00:00,29.2,49,29.6,0.0,1,22,15.1,179,1
1241,2024-02-21 17:00:00,27.5,55,28.2,0.0,1,25,13.9,170,1
1242,2024-02-21 18:00:00,24.3,73,25.8,0.0,0,11,12.8,158,0
1243,2024-02-21 19:00:00,22.6,83,24.6,0.0,0,11,10.9,163,0
1244,2024-02-21 20:00:00,21.3,89,23.9,0.0,0,3,6.7,164,0
1245,2024-02-21 21:00:00,21.0,86,23.3,0.0,0,0,5.4,176,0
1246,2024-02-21 22:00:00,20.4,89,22.7,0.0,0,1,5.4,180,0
1247,2024-02-21 23:00:00,20.3,89,23.2,0.0,0,0,1.5,256,0
1248,2024-02-22 00:00:00,19.3,92,21.8,0.0,0,3,2.2,279,0
1249,2024-02-22 01:00:00,19.2,92,21.8,0.0,0,5,1.5,284,0
1250,2024-02-22 02:00:00,17.6,98,19.3,0.0,3,100,5.4,110,0
1251,2024-02-22 03:00:00,17.0,93,17.4,0.1,51,100,10.5,117,0
1252,2024-02-22 04:00:00,15.7,88,15.6,0.3,51,100,9.2,132,0
1253,2024-02-22 05:00:00,14.9,88,14.5,0.5,53,100,8.7,114,0
1254,2024-02-22 06:00:00,13.7,92,13.3,0.4,51,100,7.9,133,0
1255,2024-02-22 07:00:00,13.4,90,13.0,0.2,51,100,6.6,135,1
1256,2024-02-22 08:00:00,13.6,83,12.8,0.1,51,100,6.8,115,1
1257,2024-02-22 09:00:00,13.6,84,12.9,0.1,51,100,6.6,103,1
1258,2024-02-22 10:00:00,14.1,80,12.9,0.1,51,100,9.1,108,1
1259,2024-02-22 11:00:00,14.1,78,12.9,0.1,51,100,8.6,105,1
1260,2024-02-22 12:00:00,13.9,77,12.6,0.1,51,100,8.9,111,1
1261,2024-02-22 13:00:00,14.4,74,12.9,0.0,3,100,9.7,117,1
1262,2024-02-22 14:00:00,14.2,73,12.6,0.0,3,100,10.0,116,1
1263,2024-02-22 15:00:00,14.1,73,12.5,0.0,3,100,9.3,118,1
1264,2024-02-22 16:00:00,13.6,74,12.1,0.0,3,100,8.7,114,1
1265,2024-02-22 17:00:00,13.2,75,11.4,0.0,3,100,9.8,114,1
1266,2024-02-22 18:00:00,12.5,77,10.7,0.0,3,100,9.4,113,0
1267,2024-02-22 19:00:00,11.8,79,9.9,0.0,3,100,9.4,113,0
1268,2024-02-22 20:00:00,11.4,80,9.6,0.0,3,100,8.6,105,0
1269,2024-02-22 21:00:00,10.7,79,8.8,0.0,3,100,7.6,87,0
1270,2024-02-22 22:00:00,10.6,79,8.9,0.0,3,100,6.5,90,0
1271,2024-02-22 23:00:00,10.5,79,9.1,0.0,3,100,4.4,81,0
1272,2024-02-23 00:00:00,10.3,81,8.8,0.1,51,100,5.4,86,0
1273,2024-02-23 01:00:00,10.2,81,8.6,0.1,51,100,5.8,94,0
1274,2024-02-23 02:00:00,10.1,81,8.6,0.1,51,100,5.4,86,0
1275,2024-02-23 03:00:00,10.0,82,8.4,0.1,51,100,5.8,90,0
1276,2024-02-23 04:00:00,10.0,82,8.4,0.1,51,100,5.2,102,0
1277,2024-02-23 05:00:00,9.9,82,8.4,0.1,51,100,4.7,90,0
1278,2024-02-23 06:00:00,9.9,82,8.3,0.0,3,100,5.1,98,0
1279,2024-02-23 07:00:00,10.0,82,8.7,0.0,3,100,3.7,101,1
1280,2024-02-23 08:00:00,10.4,80,9.0,0.0,3,100,4.3,85,1
1281,2024-02-23 09:00:00,10.5,81,9.0,0.0,3,100,5.4,98,1
1282,2024-02-23 10:00:00,11.1,78,9.4,0.0,3,100,6.4,106,1
1283,2024-02-23 11:00:00,11.7,75,10.2,0.0,3,100,5.2,106,1
1284,2024-02-23 12:00:00,12.8,71,11.2,0.0,3,100,6.2,97,1
1285,2024-02-23 13:00:00,13.0,70,11.3,0.0,3,100,7.3,110,1
1286,2024-02-23 14:00:00,12.8,71,10.9,0.0,3,100,8.9,111,1
1287,2024-02-23 15:00:00,12.7,71,10.6,0.0,3,100,9.7,105,1
1288,2024-02-23 16:00:00,12.1,72,9.9,0.0,3,100,10.1,107,1
1289,2024-02-23 17:00:00,11.6,73,9.2,0.0,3,100,10.3,102,1
1290,2024-02-23 18:00:00,10.8,76,8.6,0.0,3,100,9.5,99,1
1291,2024-02-23 19:00:00,10.3,78,8.2,0.0,3,100,8.3,88,0
1292,2024-02-23 20:00:00,10.1,78,8.0,0.0,3,100,8.1,77,0
1293,2024-02-23 21:00:00,9.7,80,8.0,0.1,51,100,5.4,70,0
1294,2024-02-23 22:00:00,9.6,80,7.6,0.2,51,100,7.1,75,0
1295,2024-02-23 23:00:00,9.7,80,8.5,0.3,51,100,2.2,9,0
1296,2024-02-24 00:00:00,9.6,86,8.5,0.6,53,100,2.9,60,0
1297,2024-02-24 01:00:00,9.6,84,8.4,0.0,3,100,2.9,60,0
1298,2024-02-24 02:00:00,9.6,85,8.3,0.0,3,100,3.8,107,0
1299,2024-02-24 03:00:00,9.6,84,8.3,0.0,3,100,3.4,108,0
1300,2024-02-24 04:00:00,9.5,84,8.2,0.0,3,100,3.3,96,0
1301,2024-02-24 05:00:00,9.4,85,8.0,0.0,3,100,3.7,101,0
1302,2024-02-24 06:00:00,9.3,84,7.9,0.0,3,100,4.0,95,0
1303,2024-02-24 07:00:00,9.4,84,7.8,0.0,3,100,5.0,90,1
1304,2024-02-24 08:00:00,9.5,84,8.0,0.0,3,100,5.0,90,1
1305,2024-02-24 09:00:00,10.1,82,8.6,0.0,3,100,5.1,86,1
1306,2024-02-24 10:00:00,10.0,86,8.9,1.7,61,100,3.2,117,1
1307,2024-02-24 11:00:00,10.8,85,9.9,0.7,53,100,3.7,101,1
1308,2024-02-24 12:00:00,11.4,79,10.2,0.4,51,100,4.0,95,1
1309,2024-02-24 13:00:00,12.7,76,12.0,0.0,3,100,2.5,90,1
1310,2024-02-24 14:00:00,13.2,75,12.5,0.0,3,100,2.6,74,1
1311,2024-02-24 15:00:00,13.5,75,12.7,0.0,3,100,3.6,45,1
1312,2024-02-24 16:00:00,14.2,72,13.6,0.0,3,100,2.4,63,1
1313,2024-02-24 17:00:00,14.1,73,13.2,0.0,3,100,5.2,115,1
1314,2024-02-24 18:00:00,13.0,75,11.3,0.0,3,100,9.1,124,1
1315,2024-02-24 19:00:00,11.5,78,9.4,0.0,3,100,10.3,115,0
1316,2024-02-24 20:00:00,10.8,80,9.1,0.0,3,98,7.3,110,0
1317,2024-02-24 21:00:00,11.2,85,10.0,0.0,3,99,5.8,94,0
1318,2024-02-24 22:00:00,11.1,85,10.1,0.0,3,100,4.0,80,0
1319,2024-02-24 23:00:00,11.2,85,10.3,0.0,3,100,3.1,54,0
1320,2024-02-25 00:00:00,11.2,83,10.3,0.0,3,100,3.2,63,0
1321,2024-02-25 01:00:00,11.2,83,10.4,0.0,3,100,2.7,67,0
1322,2024-02-25 02:00:00,11.0,84,10.3,0.0,3,100,1.9,22,0
1323,2024-02-25 03:00:00,11.2,79,10.0,0.0,3,100,3.6,360,0
1324,2024-02-25 04:00:00,11.0,76,9.7,0.1,51,100,3.6,6,0
1325,2024-02-25 05:00:00,10.7,76,9.2,0.3,51,100,4.6,342,0
1326,2024-02-25 06:00:00,10.5,76,8.9,0.0,1,42,4.5,346,0
1327,2024-02-25 07:00:00,9.8,86,8.7,0.0,3,100,2.9,360,1
1328,2024-02-25 08:00:00,10.9,76,9.9,0.0,3,100,1.5,45,1
1329,2024-02-25 09:00:00,10.7,82,9.8,0.2,51,100,1.8,53,1
1330,2024-02-25 10:00:00,11.4,79,10.5,0.2,51,100,2.6,74,1
1331,2024-02-25 11:00:00,12.1,76,11.1,0.1,51,100,3.6,90,1
1332,2024-02-25 12:00:00,12.2,76,11.5,0.3,51,100,1.3,124,1
1333,2024-02-25 13:00:00,11.4,85,10.3,0.9,53,100,5.4,110,1
1334,2024-02-25 14:00:00,11.4,83,10.1,0.8,53,100,6.0,107,1
1335,2024-02-25 15:00:00,12.0,81,10.8,0.0,3,100,6.0,107,1
1336,2024-02-25 16:00:00,11.6,81,9.9,0.1,51,100,8.1,103,1
1337,2024-02-25 17:00:00,10.8,82,8.9,0.0,3,100,8.8,109,1
1338,2024-02-25 18:00:00,10.1,83,8.3,0.0,3,100,7.4,104,1
1339,2024-02-25 19:00:00,9.7,84,7.9,0.0,3,100,6.7,106,0
1340,2024-02-25 20:00:00,9.5,83,7.7,0.0,3,100,6.9,99,0
1341,2024-02-25 21:00:00,8.9,84,7.1,0.0,3,100,5.8,83,0
1342,2024-02-25 22:00:00,8.8,83,7.1,0.0,3,100,5.0,69,0
1343,2024-02-25 23:00:00,8.8,83,7.2,0.0,3,100,4.2,59,0
1344,2024-02-26 00:00:00,8.7,83,7.1,0.0,3,100,4.1,52,0
1345,2024-02-26 01:00:00,8.7,82,7.0,0.0,3,100,4.1,52,0
1346,2024-02-26 02:00:00,8.7,81,6.7,0.0,3,100,5.9,47,0
1347,2024-02-26 03:00:00,8.6,82,6.7,0.4,51,100,5.9,52,0
1348,2024-02-26 04:00:00,8.5,81,6.8,0.1,51,100,4.4,81,0
1349,2024-02-26 05:00:00,8.4,81,6.4,0.2,51,100,5.4,82,0
1350,2024-02-26 06:00:00,8.1,83,5.9,0.0,3,100,6.5,84,0
1351,2024-02-26 07:00:00,7.8,83,5.7,0.1,51,100,6.5,90,1
1352,2024-02-26 08:00:00,7.5,88,5.6,0.9,53,100,5.4,86,1
1353,2024-02-26 09:00:00,7.9,85,5.5,0.1,51,100,8.3,90,1
1354,2024-02-26 10:00:00,7.9,88,6.0,1.2,55,100,6.5,93,1
1355,2024-02-26 11:00:00,8.3,82,6.0,1.0,55,99,7.2,93,1
1356,2024-02-26 12:00:00,9.4,77,7.3,0.1,51,100,6.2,83,1
1357,2024-02-26 13:00:00,9.1,78,6.8,0.5,53,100,7.6,85,1
1358,2024-02-26 14:00:00,9.9,74,7.6,0.1,51,100,7.6,95,1
1359,2024-02-26 15:00:00,9.6,75,7.1,0.0,3,100,8.9,104,1
1360,2024-02-26 16:00:00,9.4,75,6.9,0.1,51,100,8.5,102,1
1361,2024-02-26 17:00:00,9.1,74,6.7,0.1,51,100,7.7,101,1
1362,2024-02-26 18:00:00,8.7,75,6.5,0.1,51,100,5.8,94,1
1363,2024-02-26 19:00:00,8.5,75,6.5,0.0,3,100,4.4,81,0
1364,2024-02-26 20:00:00,8.5,76,6.7,0.0,3,100,2.9,60,0
1365,2024-02-26 21:00:00,7.9,80,6.2,0.0,3,100,2.3,51,0
1366,2024-02-26 22:00:00,8.0,79,6.2,0.1,51,100,3.1,36,0
1367,2024-02-26 23:00:00,7.9,80,6.2,0.3,51,100,2.9,30,0
1368,2024-02-27 00:00:00,8.0,79,6.2,0.0,3,100,2.6,16,0
1369,2024-02-27 01:00:00,7.8,85,6.3,0.0,3,100,2.3,51,0
1370,2024-02-27 02:00:00,8.0,84,6.7,0.1,51,99,1.1,72,0
1371,2024-02-27 03:00:00,7.8,85,6.4,0.1,51,100,1.9,22,0
1372,2024-02-27 04:00:00,8.0,82,6.4,0.2,51,100,2.2,81,0
1373,2024-02-27 05:00:00,8.0,82,6.4,0.0,3,100,2.6,74,0
1374,2024-02-27 06:00:00,7.9,82,6.4,0.0,3,100,2.2,90,0
1375,2024-02-27 07:00:00,8.0,82,6.3,0.0,3,100,2.7,113,1
1376,2024-02-27 08:00:00,8.3,81,6.6,0.0,3,99,3.3,103,1
1377,2024-02-27 09:00:00,8.8,79,6.8,0.0,3,100,5.6,75,1
1378,2024-02-27 10:00:00,9.8,76,7.9,0.0,3,100,5.4,94,1
1379,2024-02-27 11:00:00,10.7,73,8.8,0.0,3,100,5.9,104,1
1380,2024-02-27 12:00:00,11.9,68,10.2,0.0,3,100,5.5,101,1
1381,2024-02-27 13:00:00,12.5,66,10.8,0.0,3,100,5.0,111,1
1382,2024-02-27 14:00:00,13.2,64,11.7,0.0,3,100,3.9,112,1
1383,2024-02-27 15:00:00,13.1,64,11.3,0.0,3,100,5.7,125,1
1384,2024-02-27 16:00:00,12.7,64,10.3,0.0,3,100,9.2,116,1
1385,2024-02-27 17:00:00,11.4,68,8.7,0.0,3,100,11.3,112,1
1386,2024-02-27 18:00:00,10.3,72,8.0,0.0,3,85,7.9,114,1
1387,2024-02-27 19:00:00,9.8,74,7.9,0.0,3,100,5.6,105,0
1388,2024-02-27 20:00:00,9.8,75,8.2,0.0,3,100,3.3,84,0
1389,2024-02-27 21:00:00,8.9,78,7.3,0.0,3,100,3.2,63,0
1390,2024-02-27 22:00:00,8.8,80,7.3,0.3,51,98,2.6,56,0
1391,2024-02-27 23:00:00,8.6,87,7.3,0.1,51,97,2.3,321,0
1392,2024-02-28 00:00:00,8.9,82,7.6,0.0,3,100,1.9,338,0
1393,2024-02-28 01:00:00,8.9,83,7.6,0.0,3,100,1.8,349,0
1394,2024-02-28 02:00:00,8.9,88,7.8,0.0,3,100,2.2,351,0
1395,2024-02-28 03:00:00,9.2,80,8.0,0.0,3,100,0.8,297,0
1396,2024-02-28 04:00:00,8.9,87,7.8,0.0,3,100,2.0,315,0
1397,2024-02-28 05:00:00,9.3,80,8.0,0.0,3,99,1.4,360,0
1398,2024-02-28 06:00:00,9.3,78,8.0,0.0,3,100,1.5,14,0
1399,2024-02-28 07:00:00,9.3,79,7.9,0.0,3,98,1.9,112,1
1400,2024-02-28 08:00:00,9.9,79,8.9,0.0,3,100,1.0,135,1
1401,2024-02-28 09:00:00,10.5,78,9.6,0.0,3,100,0.4,90,1
1402,2024-02-28 10:00:00,10.3,81,9.2,0.2,51,88,2.3,141,1
1403,2024-02-28 11:00:00,12.6,75,11.9,0.0,3,100,0.8,63,1
1404,2024-02-28 12:00:00,13.2,73,12.4,0.0,3,85,2.7,23,1
1405,2024-02-28 13:00:00,14.7,69,14.0,0.0,3,97,2.7,23,1
1406,2024-02-28 14:00:00,14.8,70,13.9,0.1,51,100,5.1,39,1
1407,2024-02-28 15:00:00,13.8,77,13.2,0.0,2,65,3.6,84,1
1408,2024-02-28 16:00:00,15.4,72,15.2,0.0,1,32,1.8,360,1
1409,2024-02-28 17:00:00,15.8,71,15.4,0.0,0,17,3.4,58,1
1410,2024-02-28 18:00:00,13.8,81,13.0,0.0,1,30,6.5,124,1
1411,2024-02-28 19:00:00,12.2,86,11.0,0.0,2,55,7.7,127,0
1412,2024-02-28 20:00:00,10.9,92,10.1,0.0,3,88,4.3,132,0
1413,2024-02-28 21:00:00,10.5,93,9.7,0.0,3,83,4.4,125,0
1414,2024-02-28 22:00:00,10.4,93,9.6,0.0,3,88,3.8,139,0
1415,2024-02-28 23:00:00,9.7,97,8.9,0.0,3,99,3.9,146,0
1416,2024-02-29 00:00:00,10.0,96,9.6,0.0,3,100,1.8,270,0
1417,2024-02-29 01:00:00,10.2,97,9.9,0.0,3,100,1.8,259,0
1418,2024-02-29 02:00:00,10.8,92,10.4,0.0,3,100,1.5,194,0
1419,2024-02-29 03:00:00,10.9,92,10.6,0.0,3,99,1.1,198,0
1420,2024-02-29 04:00:00,11.0,91,10.7,0.0,3,100,1.3,146,0
1421,2024-02-29 05:00:00,11.2,91,11.0,0.0,3,100,0.7,180,0
1422,2024-02-29 06:00:00,11.3,90,11.0,0.0,3,100,1.9,158,0
1423,2024-02-29 07:00:00,11.6,88,11.2,0.0,3,100,1.9,158,1
1424,2024-02-29 08:00:00,12.2,85,12.0,0.0,3,100,1.0,135,1
1425,2024-02-29 09:00:00,12.9,81,12.7,0.0,3,100,0.8,117,1
1426,2024-02-29 10:00:00,14.3,78,13.9,0.0,3,83,3.4,122,1
1427,2024-02-29 11:00:00,16.6,72,16.4,0.0,3,100,4.6,18,1
1428,2024-02-29 12:00:00,16.7,74,15.7,0.0,3,100,11.2,318,1
1429,2024-02-29 13:00:00,15.9,68,14.0,0.0,3,100,13.1,286,1
1430,2024-02-29 14:00:00,16.1,65,14.1,0.0,3,100,12.6,283,1
1431,2024-02-29 15:00:00,15.5,65,13.5,0.0,3,100,11.9,284,1
1432,2024-02-29 16:00:00,14.0,72,11.8,0.1,51,100,12.9,300,1
1433,2024-02-29 17:00:00,13.1,79,11.5,4.6,63,100,10.5,297,1
1434,2024-02-29 18:00:00,11.7,90,10.1,7.8,65,100,10.6,298,1
1435,2024-02-29 19:00:00,10.9,90,8.8,1.2,55,100,13.5,299,0
1436,2024-02-29 20:00:00,10.8,91,9.7,3.5,63,100,6.1,270,0
1437,2024-02-29 21:00:00,10.6,91,8.8,1.1,55,100,10.9,297,0
1438,2024-02-29 22:00:00,10.2,91,8.7,0.6,53,100,7.8,283,0
1439,2024-02-29 23:00:00,10.0,88,8.4,0.3,51,100,6.9,298,0
1440,2024-03-01 00:00:00,9.6,91,7.9,0.6,53,100,8.3,304,0
1441,2024-03-01 01:00:00,9.3,86,7.2,0.1,51,100,9.5,299,0
1442,2024-03-01 02:00:00,9.0,86,6.8,0.0,3,100,9.2,296,0
1443,2024-03-01 03:00:00,8.9,86,6.9,0.0,3,100,7.6,301,0
1444,2024-03-01 04:00:00,8.8,86,6.8,0.0,3,100,7.9,300,0
1445,2024-03-01 05:00:00,8.9,85,7.0,0.0,3,100,6.8,302,0
1446,2024-03-01 06:00:00,9.0,85,7.1,0.0,3,100,6.9,313,0
1447,2024-03-01 07:00:00,9.3,86,7.8,0.0,3,99,4.9,343,1
1448,2024-03-01 08:00:00,9.8,85,8.3,0.0,3,100,5.4,8,1
1449,2024-03-01 09:00:00,10.1,76,8.3,0.0,3,100,5.1,39,1
1450,2024-03-01 10:00:00,10.1,71,7.6,0.0,3,100,8.5,54,1
1451,2024-03-01 11:00:00,10.7,66,7.8,0.0,3,100,10.7,48,1
1452,2024-03-01 12:00:00,11.8,60,9.0,0.0,3,99,9.7,42,1
1453,2024-03-01 13:00:00,12.6,57,10.0,0.0,3,100,8.2,52,1
1454,2024-03-01 14:00:00,12.1,57,9.5,0.0,3,100,7.5,55,1
1455,2024-03-01 15:00:00,11.0,67,8.3,0.5,53,100,9.7,92,1
1456,2024-03-01 16:00:00,10.2,72,7.5,0.2,51,100,10.8,94,1
1457,2024-03-01 17:00:00,10.0,71,7.1,0.0,3,100,11.2,88,1
1458,2024-03-01 18:00:00,9.4,75,6.9,0.1,51,100,8.8,78,1
1459,2024-03-01 19:00:00,9.1,77,6.6,0.2,51,100,8.9,76,0
1460,2024-03-01 20:00:00,8.8,80,6.5,0.1,51,100,8.4,70,0
1461,2024-03-01 21:00:00,8.0,82,5.8,0.0,3,100,6.5,84,0
1462,2024-03-01 22:00:00,7.8,81,5.5,0.0,3,100,6.6,81,0
1463,2024-03-01 23:00:00,7.4,81,5.0,0.0,3,100,6.9,84,0
1464,2024-03-02 00:00:00,7.0,81,4.7,0.0,2,73,5.8,90,0
1465,2024-03-02 01:00:00,6.1,83,4.0,0.0,3,96,3.5,66,0
1466,2024-03-02 02:00:00,6.4,79,4.1,0.0,3,87,5.0,69,0
1467,2024-03-02 03:00:00,5.8,81,3.7,0.0,3,82,3.2,90,0
1468,2024-03-02 04:00:00,4.7,85,2.2,0.0,2,61,4.7,90,0
1469,2024-03-02 05:00:00,5.7,74,3.2,0.0,1,45,3.5,66,0
1470,2024-03-02 06:00:00,6.2,69,3.8,0.0,1,44,3.3,49,0
1471,2024-03-02 07:00:00,5.3,81,3.1,0.0,1,30,3.3,49,1
1472,2024-03-02 08:00:00,7.0,67,4.3,0.0,1,23,4.8,48,1
1473,2024-03-02 09:00:00,7.9,67,5.2,0.0,1,24,6.1,62,1
1474,2024-03-02 10:00:00,9.2,62,6.6,0.0,1,33,6.2,69,1
1475,2024-03-02 11:00:00,10.8,58,8.7,0.0,3,100,7.3,70,1
1476,2024-03-02 12:00:00,11.6,56,9.1,0.0,3,100,7.1,105,1
1477,2024-03-02 13:00:00,11.6,57,8.9,0.0,3,100,8.0,117,1
1478,2024-03-02 14:00:00,11.9,56,9.3,0.0,3,100,7.1,114,1
1479,2024-03-02 15:00:00,11.7,57,8.9,0.0,3,100,9.0,127,1
1480,2024-03-02 16:00:00,11.8,57,8.9,0.0,3,100,9.3,118,1
1481,2024-03-02 17:00:00,10.6,59,6.9,0.0,3,100,14.1,109,1
1482,2024-03-02 18:00:00,8.9,66,5.5,0.0,1,30,11.8,110,1
1483,2024-03-02 19:00:00,8.2,70,5.9,0.0,1,40,4.7,113,0
1484,2024-03-02 20:00:00,7.1,76,4.9,0.0,1,44,4.2,110,0
1485,2024-03-02 21:00:00,6.0,82,3.6,0.0,0,3,4.8,117,0
1486,2024-03-02 22:00:00,6.1,79,3.7,0.0,0,7,4.3,95,0
1487,2024-03-02 23:00:00,7.3,71,5.2,0.0,0,3,2.5,90,0
