,time,temperature_2m_mean,temperature_2m_max,temperature_2m_min,precipitation_sum,daylight_duration
0,2024-01-01,11.3,14.8,8.8,0.0,37936.77
1,2024-01-02,11.6,18.4,4.9,0.9,37960.04
2,2024-01-03,13.0,18.8,9.4,0.0,37985.32
3,2024-01-04,10.2,14.7,3.9,0.0,38012.58
4,2024-01-05,12.3,20.2,4.7,0.0,38041.78
5,2024-01-06,14.0,21.0,8.4,0.0,38072.87
6,2024-01-07,11.9,16.4,8.9,0.0,38105.81
7,2024-01-08,11.6,15.8,8.1,5.8,38140.54
8,2024-01-09,13.1,16.5,10.4,2.1,38177.04
9,2024-01-10,13.1,20.5,9.1,0.0,38215.24
10,2024-01-11,10.4,15.2,7.6,0.0,38255.11
11,2024-01-12,11.0,18.8,4.8,0.0,38296.61
12,2024-01-13,12.6,20.8,7.6,0.0,38339.69
13,2024-01-14,13.9,22.1,6.5,0.0,38384.78
14,2024-01-15,12.3,17.7,7.9,0.0,38432.05
15,2024-01-16,11.6,16.6,8.0,0.0,38481.4
16,2024-01-17,13.7,21.7,6.1,0.0,38532.74
17,2024-01-18,16.7,24.3,11.4,0.0,38585.97
18,2024-01-19,16.0,20.1,14.3,0.0,38641.01
19,2024-01-20,16.1,20.6,13.7,0.5,38697.77
20,2024-01-21,12.5,13.9,11.2,0.6,38756.15
21,2024-01-22,8.0,10.7,3.8,5.6,38816.07
22,2024-01-23,4.7,10.0,2.7,5.1,38877.43
23,2024-01-24,4.6,10.5,-1.1,0.0,38940.15
24,2024-01-25,7.4,12.1,2.6,0.0,39004.15
25,2024-01-26,7.8,13.2,2.2,0.0,39069.33
26,2024-01-27,8.8,12.0,6.8,0.0,39135.61
27,2024-01-28,9.5,14.2,7.0,0.0,39202.92
28,2024-01-29,10.7,16.6,4.9,0.2,39271.16
29,2024-01-30,14.0,19.7,10.5,0.2,39340.26
30,2024-01-31,15.6,23.5,10.9,0.0,39410.14
31,2024-02-01,19.0,25.0,14.5,0.5,39480.71
32,2024-02-02,13.0,15.5,11.3,1.9,39551.92
33,2024-02-03,14.0,19.9,11.2,0.0,39624.37
34,2024-02-04,13.4,15.7,11.7,4.7,39698.33
35,2024-02-05,12.1,16.6,8.4,0.0,39773.7
36,2024-02-06,10.1,12.6,8.8,0.0,39850.4
37,2024-02-07,8.4,9.9,7.6,25.7,39928.33
38,2024-02-08,7.5,8.6,6.0,3.2,40007.38
39,2024-02-09,8.8,12.6,6.5,0.5,40087.47
40,2024-02-10,9.2,15.6,3.8,0.0,40168.51
41,2024-02-11,10.7,18.6,4.1,0.0,40250.42
42,2024-02-12,11.2,17.9,5.6,0.0,40333.09
43,2024-02-13,13.6,20.7,6.7,0.0,40416.46
44,2024-02-14,15.8,23.9,8.4,0.0,40500.42
45,2024-02-15,17.4,25.1,12.6,3.0,40584.9
46,2024-02-16,10.7,13.9,8.1,0.7,40669.83
47,2024-02-17,12.5,20.7,7.2,0.0,40755.1
48,2024-02-18,16.8,27.0,10.7,0.0,40840.66
49,2024-02-19,20.6,27.8,15.5,0.0,40926.41
50,2024-02-20,20.4,29.1,15.3,0.0,41012.28
51,2024-02-21,21.9,30.6,16.6,0.0,41098.19
52,2024-02-22,14.0,19.3,10.5,2.0,41184.09
53,2024-02-23,10.8,13.0,9.6,1.2,41270.58
54,2024-02-24,11.0,14.2,9.3,3.4,41357.95
55,2024-02-25,10.7,12.2,8.8,3.0,41446.13
56,2024-02-26,8.5,9.9,7.5,5.4,41535.06
57,2024-02-27,9.6,13.2,7.8,0.8,41624.63
58,2024-02-28,11.3,15.8,8.9,0.3,41714.81
59,2024-02-29,12.4,16.7,10.0,19.2,41805.48
60,2024-03-01,9.6,12.6,7.4,1.8,41896.61
61,2024-03-02,8.1,11.9,4.7,0.0,41988.1
