,标题,通知人,日期,正文地址,附件
4,关于做好2026年9月退役复学学生转专业的通知,教学运行,2026-09-08,https://jwch.fzu.edu.cn/info/1036/14785.htm,"[{'序号': 1, '标题': '福州大学参军退伍复学后学生转专业审批表.doc', '附件下载地址': 'https://jwch.fzu.edu.cn../../dfiles/11251/themes/46902/default_46902/jwch/css/global.css', '下载次数': ['62']}]"
14,关于2026-2027学年第一学期港澳台侨学生思政课和军事课程退选替代的通知,计划科,2026-08-30,https://jwch.fzu.edu.cn/info/1038/14753.htm,"[{'序号': 1, '标题': '港澳台侨学生思政课和军事课程退选申请表.docx', '附件下载地址': 'https://jwch.fzu.edu.cn../../dfiles/11251/themes/46902/default_46902/jwch/css/global.css', '下载次数': ['1017']}, {'序号': 2, '标题': '2026-2027学年第一学期国情课列表.docx', '附件下载地址': 'https://jwch.fzu.edu.cn/system/_content/download.jsp?urltype=news.DownloadAttachUrl&owner=1744984858&wbfileid=18293193', '下载次数': ['940']}]"
15,关于2026-2027学年第一学期通识教育选修课选课的通知,计划科,2026-08-30,https://jwch.fzu.edu.cn/info/1038/14752.htm,"[{'序号': 1, '标题': '慕课堂学生操作手册.pdf', '附件下载地址': 'https://jwch.fzu.edu.cn../../dfiles/11251/themes/46902/default_46902/jwch/css/global.css', '下载次数': ['392']}, {'序号': 2, '标题': '超星尔雅使用手册（学生版）.pdf', '附件下载地址': 'https://jwch.fzu.edu.cn/system/_content/download.jsp?urltype=news.DownloadAttachUrl&owner=1744984858&wbfileid=18293188', '下载次数': ['406']}, {'序号': 3, '标题': '智慧树学生手册.pptx', '附件下载地址': 'https://jwch.fzu.edu.cn/system/_content/download.jsp?urltype=news.DownloadAttachUrl&owner=1744984858&wbfileid=18293187', '下载次数': ['297']}]"
22,关于2025-2026学年第二学期《大学物理A（上）》、《大学物理B（上）》、《大学物理C》、《大学物理D》课程期末考试安排的通知,教学运行,2026-06-26,https://jwch.fzu.edu.cn/info/1036/14715.htm,"[{'序号': 1, '标题': '2502大学物理A（上）、B（上）、C、D期末考-7.10上、下午.xlsx', '附件下载地址': 'https://jwch.fzu.edu.cn../../dfiles/11251/themes/46902/default_46902/jwch/css/global.css', '下载次数': ['599']}]"
23,关于2025-2026学年第二学期《英语专题》课程期末考试安排的通知,教学运行,2026-06-26,https://jwch.fzu.edu.cn/info/1036/14714.htm,"[{'序号': 1, '标题': '2502英语专题期末考-7.6上、下午.xlsx', '附件下载地址': 'https://jwch.fzu.edu.cn../../dfiles/11251/themes/46902/default_46902/jwch/css/global.css', '下载次数': ['789']}]"
24,关于2025-2026学年第二学期《工程制图C（下）》、《工程制图D》、《工程制图E》、《工程制图F》课程期末考试安排的通知,教学运行,2026-06-26,https://jwch.fzu.edu.cn/info/1036/14713.htm,"[{'序号': 1, '标题': '2502工程制图C（下）、D、E、F期末考-7.5上午.xlsx', '附件下载地址': 'https://jwch.fzu.edu.cn../../dfiles/11251/themes/46902/default_46902/jwch/css/global.css', '下载次数': ['627']}]"
25,关于2025-2026学年第二学期《高等数学A（中）》、《高等数学B（下）》和《高等数学C（下）》课程期末考试安排的通知,教学运行,2026-06-26,https://jwch.fzu.edu.cn/info/1036/14712.htm,"[{'序号': 1, '标题': '2502高等数学A（中）、B（下）、C（下）期末考-7.4上、下午.xlsx', '附件下载地址': 'https://jwch.fzu.edu.cn../../dfiles/11251/themes/46902/default_46902/jwch/css/global.css', '下载次数': ['798']}]"
31,关于2025-2026学年第二学期《大学英语（三）》课程期末考试安排的通知,教学运行,2026-06-18,https://jwch.fzu.edu.cn/info/1036/14695.htm,"[{'序号': 1, '标题': '2502大学英语（三）期末考-6.28上、下午.xlsx', '附件下载地址': 'https://jwch.fzu.edu.cn../../dfiles/11251/themes/46902/default_46902/jwch/css/global.css', '下载次数': ['783']}]"
32,关于2025-2026学年第二学期《大学英语（四）》、《大学英语（二）》课程期末考试安排的通知,教学运行,2026-06-18,https://jwch.fzu.edu.cn/info/1036/14693.htm,"[{'序号': 1, '标题': '2502大学英语（四）期末考-6.27上午.xlsx', '附件下载地址': 'https://jwch.fzu.edu.cn../../dfiles/11251/themes/46902/default_46902/jwch/css/global.css', '下载次数': ['591']}, {'序号': 2, '标题': '2502大学英语（二）期末考-6.27下午.xlsx', '附件下载地址': 'https://jwch.fzu.edu.cn/system/_content/download.jsp?urltype=news.DownloadAttachUrl&owner=1744984858&wbfileid=18276208', '下载次数': ['295']}]"
37,关于2025-2026学年第二学期《中国近现代史纲要》、《思想道德与法治》、《毛泽东思想和中国特色社会主义理论体系概论》和《马克思主义基本原理》课程期末考试安排的通知,教学运行,2026-06-03,https://jwch.fzu.edu.cn/info/1036/14670.htm,"[{'序号': 1, '标题': '2502史纲随堂考-15周.xlsx', '附件下载地址': 'https://jwch.fzu.edu.cn../../dfiles/11251/themes/46902/default_46902/jwch/css/global.css', '下载次数': ['640']}, {'序号': 2, '标题': '2502德法随堂考-15-16周.xlsx', '附件下载地址': 'https://jwch.fzu.edu.cn/system/_content/download.jsp?urltype=news.DownloadAttachUrl&owner=1744984858&wbfileid=18271055', '下载次数': ['633']}, {'序号': 3, '标题': '2502毛概随堂考-16周.xlsx', '附件下载地址': 'https://jwch.fzu.edu.cn/system/_content/download.jsp?urltype=news.DownloadAttachUrl&owner=1744984858&wbfileid=18271056', '下载次数': ['616']}, {'序号': 4, '标题': '2502马原随堂考-16-17周.xlsx', '附件下载地址': 'https://jwch.fzu.edu.cn/system/_content/download.jsp?urltype=news.DownloadAttachUrl&owner=1744984858&wbfileid=18271057', '下载次数': ['654']}]"
39,关于做好2026-2027学年第一学期教材选用与征订工作的通知,教材建设,2026-06-01,https://jwch.fzu.edu.cn/info/1042/14665.htm,"[{'序号': 1, '标题': '已出版马克思主义理论研究和建设工程重点教材目录（截至2026年05月）.xlsx', '附件下载地址': 'https://jwch.fzu.edu.cn../../dfiles/11251/themes/46902/default_46902/jwch/css/global.css', '下载次数': ['726']}, {'序号': 2, '标题': '全国大中专教学用书目录(2026秋).xlsx', '附件下载地址': 'https://jwch.fzu.edu.cn/system/_content/download.jsp?urltype=news.DownloadAttachUrl&owner=1744984858&wbfileid=18270566', '下载次数': ['528']}]"
42,关于组织申报住房城乡建设领域学科专业“十五五”规划教材的通知,教材建设,2026-05-26,https://jwch.fzu.edu.cn/info/1042/14659.htm,"[{'序号': 1, '标题': '附件1.住房城乡建设部办公厅关于申报高等教育 职业教育住房城乡建设领域学科专业“十五五”规划教材的通知.pdf', '附件下载地址': 'https://jwch.fzu.edu.cn../../dfiles/11251/themes/46902/default_46902/jwch/css/global.css', '下载次数': ['910']}, {'序号': 2, '标题': '附件2.住房城乡建设领域学科专业“十五五”规划教材申报书-教材名称-教材负责人.docx', '附件下载地址': 'https://jwch.fzu.edu.cn/system/_content/download.jsp?urltype=news.DownloadAttachUrl&owner=1744984858&wbfileid=18268956', '下载次数': ['589']}, {'序号': 3, '标题': '附件3.福州大学本科教材编写人员政治审查表.docx', '附件下载地址': 'https://jwch.fzu.edu.cn/system/_content/download.jsp?urltype=news.DownloadAttachUrl&owner=1744984858&wbfileid=18268957', '下载次数': ['573']}, {'序号': 4, '标题': '附件4.福州大学本科教材校外编写人员政治审查表.docx', '附件下载地址': 'https://jwch.fzu.edu.cn/system/_content/download.jsp?urltype=news.DownloadAttachUrl&owner=1744984858&wbfileid=18268958', '下载次数': ['578']}, {'序号': 5, '标题': '附件5.住房城乡建设领域学科专业“十五五”规划教材立项汇总表-学院名称.xlsx', '附件下载地址': 'https://jwch.fzu.edu.cn/system/_content/download.jsp?urltype=news.DownloadAttachUrl&owner=1744984858&wbfileid=18268959', '下载次数': ['567']}]"
46,关于2025-2026学年第二学期《概率论与数理统计》课程期末考试安排的通知,教学运行,2026-05-21,https://jwch.fzu.edu.cn/info/1036/14649.htm,"[{'序号': 1, '标题': '2502概率期末考-6.7下午.xlsx', '附件下载地址': 'https://jwch.fzu.edu.cn../../dfiles/11251/themes/46902/default_46902/jwch/css/global.css', '下载次数': ['663']}]"
47,关于2025-2026学年第二学期《线性代数》、《线性代数与解析几何》课程期末考试安排的通知,教学运行,2026-05-21,https://jwch.fzu.edu.cn/info/1036/14648.htm,"[{'序号': 1, '标题': '2502线性代数、线性代数与解析几何期末考-6.7上午.xlsx', '附件下载地址': 'https://jwch.fzu.edu.cn../../dfiles/11251/themes/46902/default_46902/jwch/css/global.css', '下载次数': ['639']}]"
48,关于2025-2026学年第二学期计算机语言类课程期末考试安排的通知,教学运行,2026-05-21,https://jwch.fzu.edu.cn/info/1036/14647.htm,"[{'序号': 1, '标题': '2502计算机语言类期末考-5.30.xlsx', '附件下载地址': 'https://jwch.fzu.edu.cn../../dfiles/11251/themes/46902/default_46902/jwch/css/global.css', '下载次数': ['547']}]"
49,关于2025-2026学年第二学期《习近平新时代中国特色社会主义思想概论》课程期末考试安排的通知,教学运行,2026-05-21,https://jwch.fzu.edu.cn/info/1036/14646.htm,"[{'序号': 1, '标题': '2502习概随堂考.xlsx', '附件下载地址': 'https://jwch.fzu.edu.cn../../dfiles/11251/themes/46902/default_46902/jwch/css/global.css', '下载次数': ['644']}]"
58,关于2025-2026学年第二学期《大学物理C》、《大学物理D》课程半期考试安排的通知,教材建设,2026-05-06,https://jwch.fzu.edu.cn/info/1036/14607.htm,"[{'序号': 1, '标题': '2502大物D半期考(5.14晚上) 大物C半期考(5.16下午).xlsx', '附件下载地址': 'https://jwch.fzu.edu.cn../../dfiles/11251/themes/46902/default_46902/jwch/css/global.css', '下载次数': ['646']}]"
59,关于2025-2026学年第二学期《线性代数》课程半期考试安排的通知,教学运行,2026-04-27,https://jwch.fzu.edu.cn/info/1036/14606.htm,"[{'序号': 1, '标题': '2502线代半期考-5.10下午.xlsx', '附件下载地址': 'https://jwch.fzu.edu.cn../../dfiles/11251/themes/46902/default_46902/jwch/css/global.css', '下载次数': ['722']}]"
62,福州大学关于开展2026年度本科数字教材立项建设工作的通知,教材建设,2026-04-24,https://jwch.fzu.edu.cn/info/1042/14600.htm,"[{'序号': 1, '标题': '附件1.福州大学本科数字教材立项建设申报表.docx', '附件下载地址': 'https://jwch.fzu.edu.cn../../dfiles/11251/themes/46902/default_46902/jwch/css/global.css', '下载次数': ['544']}, {'序号': 2, '标题': '附件2.福州大学本科数字教材立项建设申报汇总表.xls', '附件下载地址': 'https://jwch.fzu.edu.cn/system/_content/download.jsp?urltype=news.DownloadAttachUrl&owner=1744984858&wbfileid=18264056', '下载次数': ['389']}, {'序号': 3, '标题': '附件3：福州大学本科教材编写人员政治审查表.docx', '附件下载地址': 'https://jwch.fzu.edu.cn/system/_content/download.jsp?urltype=news.DownloadAttachUrl&owner=1744984858&wbfileid=18264057', '下载次数': ['578']}]"
63,关于组织申报2026年度教育部大中小学课程教材研究项目的通知,教材建设,2026-04-24,https://jwch.fzu.edu.cn/info/1042/14599.htm,"[{'序号': 1, '标题': '附件1.教育部办公厅关于组织申报2026年度教育部大中小学课程教材研究项目的通知.pdf', '附件下载地址': 'https://jwch.fzu.edu.cn../../dfiles/11251/themes/46902/default_46902/jwch/css/global.css', '下载次数': ['665']}, {'序号': 2, '标题': '附件2.教育部大中小学课程教材研究项目2026年度重大项目和重点项目选题指南.doc', '附件下载地址': 'https://jwch.fzu.edu.cn/system/_content/download.jsp?urltype=news.DownloadAttachUrl&owner=1744984858&wbfileid=18250480', '下载次数': ['687']}, {'序号': 3, '标题': '附件3.操作指南（申报人）.pdf', '附件下载地址': 'https://jwch.fzu.edu.cn/system/_content/download.jsp?urltype=news.DownloadAttachUrl&owner=1744984858&wbfileid=18250481', '下载次数': ['674']}, {'序号': 4, '标题': '附件4.教育部大中小学课程教材研究项目2026年度申报书（仅供查看）.docx', '附件下载地址': 'https://jwch.fzu.edu.cn/system/_content/download.jsp?urltype=news.DownloadAttachUrl&owner=1744984858&wbfileid=18250482', '下载次数': ['673']}, {'序号': 5, '标题': '附件5.2026年度教育部大中小学课程教材研究项目推荐汇总表.xlsx', '附件下载地址': 'https://jwch.fzu.edu.cn/system/_content/download.jsp?urltype=news.DownloadAttachUrl&owner=1744984858&wbfileid=18250483', '下载次数': ['633']}]"
65,关于2026届预计毕业生补拍电子注册学历照片的通知,实践科,2026-04-20,https://jwch.fzu.edu.cn/info/1036/14590.htm,"[{'序号': 1, '标题': '附件2：证件照拍摄要求.pdf', '附件下载地址': 'https://jwch.fzu.edu.cn../../dfiles/11251/themes/46902/default_46902/jwch/css/global.css', '下载次数': ['5467']}, {'序号': 2, '标题': '附件3：获得图像采集码途径.pdf', '附件下载地址': 'https://jwch.fzu.edu.cn/system/_content/download.jsp?urltype=news.DownloadAttachUrl&owner=1744984858&wbfileid=18248488', '下载次数': ['772']}, {'序号': 3, '标题': '附件1：行政北楼平面图.pdf', '附件下载地址': 'https://jwch.fzu.edu.cn/system/_content/download.jsp?urltype=news.DownloadAttachUrl&owner=1744984858&wbfileid=18248486', '下载次数': ['654']}]"
66,关于开展2026届本科毕业生在校学习体验调研的通知,实践科,2026-04-15,https://jwch.fzu.edu.cn/info/1040/14586.htm,"[{'序号': 1, '标题': '附件.docx', '附件下载地址': 'https://jwch.fzu.edu.cn../../dfiles/11251/themes/46902/default_46902/jwch/css/global.css', '下载次数': ['681']}]"
68,关于开展2026年度教师本科教学综合测评工作的通知,质量办,2026-04-14,https://jwch.fzu.edu.cn/info/1040/14583.htm,"[{'序号': 1, '标题': '附件1-7.docx', '附件下载地址': 'https://jwch.fzu.edu.cn../../dfiles/11251/themes/46902/default_46902/jwch/css/global.css', '下载次数': ['712']}, {'序号': 2, '标题': '福大教〔2016〕2号 福州大学关于印发教师本科教学综合测评办法试行的通知.doc', '附件下载地址': 'https://jwch.fzu.edu.cn/system/_content/download.jsp?urltype=news.DownloadAttachUrl&owner=1744984858&wbfileid=18247978', '下载次数': ['605']}]"
70,关于组织开展2026年人工智能赋能课程教材研究课题申报工作的通知,教材建设,2026-04-08,https://jwch.fzu.edu.cn/info/1042/14580.htm,"[{'序号': 1, '标题': '附件1.选题指南.pdf', '附件下载地址': 'https://jwch.fzu.edu.cn../../dfiles/11251/themes/46902/default_46902/jwch/css/global.css', '下载次数': ['695']}, {'序号': 2, '标题': '附件2.2026年人工智能赋能课程教材研究课题申报书.docx', '附件下载地址': 'https://jwch.fzu.edu.cn/system/_content/download.jsp?urltype=news.DownloadAttachUrl&owner=1744984858&wbfileid=18246538', '下载次数': ['690']}, {'序号': 3, '标题': '附件3.2026年人工智能赋能课程教材研究课题申报汇总表.docx', '附件下载地址': 'https://jwch.fzu.edu.cn/system/_content/download.jsp?urltype=news.DownloadAttachUrl&owner=1744984858&wbfileid=18246539', '下载次数': ['661']}]"
71,关于组织开展2026年人工智能赋能课程教材研究课题申报工作的通知,教学通知,2026-04-08,https://jwch.fzu.edu.cn/info/1012/14579.htm,"[{'序号': 1, '标题': '附件1.选题指南.pdf', '附件下载地址': 'https://jwch.fzu.edu.cn../../dfiles/11251/themes/46902/default_46902/jwch/css/global.css', '下载次数': ['628']}, {'序号': 2, '标题': '附件2.2026年人工智能赋能课程教材研究课题申报书.docx', '附件下载地址': 'https://jwch.fzu.edu.cn/system/_content/download.jsp?urltype=news.DownloadAttachUrl&owner=1744984858&wbfileid=18246535', '下载次数': ['636']}, {'序号': 3, '标题': '附件3.2026年人工智能赋能课程教材研究课题申报汇总表.docx', '附件下载地址': 'https://jwch.fzu.edu.cn/system/_content/download.jsp?urltype=news.DownloadAttachUrl&owner=1744984858&wbfileid=18246536', '下载次数': ['515']}]"
72,关于开展2025年新上岗教师课堂授课达标考核的通知,实践科,2026-04-07,https://jwch.fzu.edu.cn/info/1040/14576.htm,"[{'序号': 1, '标题': '附件1：2025年福州大学新上岗教师达标培训班名单.xlsx', '附件下载地址': 'https://jwch.fzu.edu.cn../../dfiles/11251/themes/46902/default_46902/jwch/css/global.css', '下载次数': ['1177']}, {'序号': 2, '标题': '附件2：2025年新上岗教师课堂授课达标考核情况汇总表---需一式三份报教评中心.docx', '附件下载地址': 'https://jwch.fzu.edu.cn/system/_content/download.jsp?urltype=news.DownloadAttachUrl&owner=1744984858&wbfileid=18245978', '下载次数': ['783']}]"
74,关于2025-2026学年第二学期《高等数学A（中）》、《高等数学B（下）》、《高等数学C（下）》课程半期考试安排的通知,教学运行,2026-04-07,https://jwch.fzu.edu.cn/info/1036/14573.htm,"[{'序号': 1, '标题': '2502高数半期考-4.26上午.xlsx', '附件下载地址': 'https://jwch.fzu.edu.cn../../dfiles/11251/themes/46902/default_46902/jwch/css/global.css', '下载次数': ['908']}]"
75,关于2025-2026学年第二学期《概率论与数理统计》课程半期考试安排的通知,教学运行,2026-04-07,https://jwch.fzu.edu.cn/info/1036/14571.htm,"[{'序号': 1, '标题': '2502概率论半期考-4.19下午.xlsx', '附件下载地址': 'https://jwch.fzu.edu.cn../../dfiles/11251/themes/46902/default_46902/jwch/css/global.css', '下载次数': ['706']}]"
